date,net_BTC,net_ETH,gross_factor_exposure
2024-01-01 04:00:00,0.0,0.0,0.0
2024-01-01 08:00:00,0.0,0.0,0.0
2024-01-01 12:00:00,0.0,0.0,0.0
2024-01-01 16:00:00,0.0,0.0,0.0
2024-01-01 20:00:00,0.0,0.0,0.0
2024-01-02 00:00:00,0.0,0.0,0.0
2024-01-02 04:00:00,0.0,0.0,0.0
2024-01-02 08:00:00,0.0,0.0,0.0
2024-01-02 12:00:00,0.0,0.0,0.0
2024-01-02 16:00:00,0.0,0.0,0.0
2024-01-02 20:00:00,0.0,0.0,0.0
2024-01-03 00:00:00,0.0,0.0,0.0
2024-01-03 04:00:00,0.0,0.0,0.0
2024-01-03 08:00:00,0.0,0.0,0.0
2024-01-03 12:00:00,0.0,0.0,0.0
2024-01-03 16:00:00,0.0,0.0,0.0
2024-01-03 20:00:00,0.0,0.0,0.0
2024-01-04 00:00:00,0.0,0.0,0.0
2024-01-04 04:00:00,0.0,0.0,0.0
2024-01-04 08:00:00,0.0,0.0,0.0
2024-01-04 12:00:00,0.0,0.0,0.0
2024-01-04 16:00:00,0.0,0.0,0.0
2024-01-04 20:00:00,0.0,0.0,0.0
2024-01-05 00:00:00,0.0,0.0,0.0
2024-01-05 04:00:00,0.0,0.0,0.0
2024-01-05 08:00:00,0.0,0.0,0.0
2024-01-05 12:00:00,0.0,0.0,0.0
2024-01-05 16:00:00,0.0,0.0,0.0
2024-01-05 20:00:00,0.0,0.0,0.0
2024-01-06 00:00:00,0.0,0.0,0.0
2024-01-06 04:00:00,0.0,0.0,0.0
2024-01-06 08:00:00,0.0,0.0,0.0
2024-01-06 12:00:00,0.0,0.0,0.0
2024-01-06 16:00:00,0.0,0.0,0.0
2024-01-06 20:00:00,0.0,0.0,0.0
2024-01-07 00:00:00,0.0,0.0,0.0
2024-01-07 04:00:00,0.0,0.0,0.0
2024-01-07 08:00:00,0.0,0.0,0.0
2024-01-07 12:00:00,0.0,0.0,0.0
2024-01-07 16:00:00,0.0,0.0,0.0
2024-01-07 20:00:00,0.0,0.0,0.0
2024-01-08 00:00:00,0.0,0.0,0.0
2024-01-08 04:00:00,0.0,0.0,0.0
2024-01-08 08:00:00,0.0,0.0,0.0
2024-01-08 12:00:00,0.0,0.0,0.0
2024-01-08 16:00:00,0.0,0.0,0.0
2024-01-08 20:00:00,0.0,0.0,0.0
2024-01-09 00:00:00,0.0,0.0,0.0
2024-01-09 04:00:00,0.0,0.0,0.0
2024-01-09 08:00:00,0.0,0.0,0.0
2024-01-09 12:00:00,0.0,0.0,0.0
2024-01-09 16:00:00,0.0,0.0,0.0
2024-01-09 20:00:00,0.0,0.0,0.0
2024-01-10 00:00:00,0.0,0.0,0.0
2024-01-10 04:00:00,0.0,0.0,0.0
2024-01-10 08:00:00,0.0,0.0,0.0
2024-01-10 12:00:00,0.0,0.0,0.0
2024-01-10 16:00:00,0.0,0.0,0.0
2024-01-10 20:00:00,0.0,0.0,0.0
2024-01-11 00:00:00,0.0,0.0,0.0
2024-01-11 04:00:00,0.0,0.0,0.0
2024-01-11 08:00:00,0.0,0.0,0.0
2024-01-11 12:00:00,0.0,0.0,0.0
2024-01-11 16:00:00,0.0,0.0,0.0
2024-01-11 20:00:00,0.0,0.0,0.0
2024-01-12 00:00:00,0.0,0.0,0.0
2024-01-12 04:00:00,0.0,0.0,0.0
2024-01-12 08:00:00,0.0,0.0,0.0
2024-01-12 12:00:00,0.0,0.0,0.0
2024-01-12 16:00:00,0.0,0.0,0.0
2024-01-12 20:00:00,0.0,0.0,0.0
2024-01-13 00:00:00,0.0,0.0,0.0
2024-01-13 04:00:00,0.0,0.0,0.0
2024-01-13 08:00:00,0.0,0.0,0.0
2024-01-13 12:00:00,0.0,0.0,0.0
2024-01-13 16:00:00,0.0,0.0,0.0
2024-01-13 20:00:00,0.0,0.0,0.0
2024-01-14 00:00:00,0.0,0.0,0.0
2024-01-14 04:00:00,0.0,0.0,0.0
2024-01-14 08:00:00,0.0,0.0,0.0
2024-01-14 12:00:00,0.0,0.0,0.0
2024-01-14 16:00:00,0.0,0.0,0.0
2024-01-14 20:00:00,0.0,0.0,0.0
2024-01-15 00:00:00,0.0,0.0,0.0
2024-01-15 04:00:00,0.0,0.0,0.0
2024-01-15 08:00:00,0.0,0.0,0.0
2024-01-15 12:00:00,0.0,0.0,0.0
2024-01-15 16:00:00,0.0,0.0,0.0
2024-01-15 20:00:00,0.0,0.0,0.0
2024-01-16 00:00:00,0.0,0.0,0.0
2024-01-16 04:00:00,0.0,0.0,0.0
2024-01-16 08:00:00,0.0,0.0,0.0
2024-01-16 12:00:00,0.0,0.0,0.0
2024-01-16 16:00:00,0.0,0.0,0.0
2024-01-16 20:00:00,0.0,0.0,0.0
2024-01-17 00:00:00,0.0,0.0,0.0
2024-01-17 04:00:00,0.0,0.0,0.0
2024-01-17 08:00:00,0.0,0.0,0.0
2024-01-17 12:00:00,0.0,0.0,0.0
2024-01-17 16:00:00,0.0,0.0,0.0
2024-01-17 20:00:00,0.0,0.0,0.0
2024-01-18 00:00:00,0.0,0.0,0.0
2024-01-18 04:00:00,0.0,0.0,0.0
2024-01-18 08:00:00,0.0,0.0,0.0
2024-01-18 12:00:00,0.0,0.0,0.0
2024-01-18 16:00:00,0.0,0.0,0.0
2024-01-18 20:00:00,0.0,0.0,0.0
2024-01-19 00:00:00,0.0,0.0,0.0
2024-01-19 04:00:00,0.0,0.0,0.0
2024-01-19 08:00:00,0.0,0.0,0.0
2024-01-19 12:00:00,0.0,0.0,0.0
2024-01-19 16:00:00,0.0,0.0,0.0
2024-01-19 20:00:00,0.0,0.0,0.0
2024-01-20 00:00:00,0.0,0.0,0.0
2024-01-20 04:00:00,0.0,0.0,0.0
2024-01-20 08:00:00,0.0,0.0,0.0
2024-01-20 12:00:00,0.0,0.0,0.0
2024-01-20 16:00:00,0.0,0.0,0.0
2024-01-20 20:00:00,0.0,0.0,0.0
2024-01-21 00:00:00,0.0,0.0,0.0
2024-01-21 04:00:00,0.0,0.0,0.0
2024-01-21 08:00:00,0.0,0.0,0.0
2024-01-21 12:00:00,0.0,0.0,0.0
2024-01-21 16:00:00,0.0,0.0,0.0
2024-01-21 20:00:00,0.0,0.0,0.0
2024-01-22 00:00:00,0.0,0.0,0.0
2024-01-22 04:00:00,0.0,0.0,0.0
2024-01-22 08:00:00,0.0,0.0,0.0
2024-01-22 12:00:00,0.0,0.0,0.0
2024-01-22 16:00:00,0.0,0.0,0.0
2024-01-22 20:00:00,0.0,0.0,0.0
2024-01-23 00:00:00,0.0,0.0,0.0
2024-01-23 04:00:00,0.0,0.0,0.0
2024-01-23 08:00:00,0.0,0.0,0.0
2024-01-23 12:00:00,0.0,0.0,0.0
2024-01-23 16:00:00,0.0,0.0,0.0
2024-01-23 20:00:00,0.0,0.0,0.0
2024-01-24 00:00:00,0.0,0.0,0.0
2024-01-24 04:00:00,0.0,0.0,0.0
2024-01-24 08:00:00,0.0,0.0,0.0
2024-01-24 12:00:00,0.0,0.0,0.0
2024-01-24 16:00:00,0.0,0.0,0.0
2024-01-24 20:00:00,0.0,0.0,0.0
2024-01-25 00:00:00,0.0,0.0,0.0
2024-01-25 04:00:00,0.0,0.0,0.0
2024-01-25 08:00:00,0.0,0.0,0.0
2024-01-25 12:00:00,0.0,0.0,0.0
2024-01-25 16:00:00,0.0,0.0,0.0
2024-01-25 20:00:00,0.0,0.0,0.0
2024-01-26 00:00:00,0.0,0.0,0.0
2024-01-26 04:00:00,0.0,0.0,0.0
2024-01-26 08:00:00,0.0,0.0,0.0
2024-01-26 12:00:00,0.0,0.0,0.0
2024-01-26 16:00:00,0.0,0.0,0.0
2024-01-26 20:00:00,0.0,0.0,0.0
2024-01-27 00:00:00,0.0,0.0,0.0
2024-01-27 04:00:00,0.0,0.0,0.0
2024-01-27 08:00:00,0.0,0.0,0.0
2024-01-27 12:00:00,0.0,0.0,0.0
2024-01-27 16:00:00,0.0,0.0,0.0
2024-01-27 20:00:00,0.0,0.0,0.0
2024-01-28 00:00:00,0.0,0.0,0.0
2024-01-28 04:00:00,0.0,0.0,0.0
2024-01-28 08:00:00,0.0,0.0,0.0
2024-01-28 12:00:00,0.0,0.0,0.0
2024-01-28 16:00:00,0.0,0.0,0.0
2024-01-28 20:00:00,0.0,0.0,0.0
2024-01-29 00:00:00,0.0,0.0,0.0
2024-01-29 04:00:00,0.0,0.0,0.0
2024-01-29 08:00:00,0.0,0.0,0.0
2024-01-29 12:00:00,0.0,0.0,0.0
2024-01-29 16:00:00,0.0,0.0,0.0
2024-01-29 20:00:00,0.0,0.0,0.0
2024-01-30 00:00:00,0.0,0.0,0.0
2024-01-30 04:00:00,0.0,0.0,0.0
2024-01-30 08:00:00,0.0,0.0,0.0
2024-01-30 12:00:00,0.0,0.0,0.0
2024-01-30 16:00:00,0.0,0.0,0.0
2024-01-30 20:00:00,0.0,0.0,0.0
2024-01-31 00:00:00,0.0,0.0,0.0
2024-01-31 04:00:00,0.0,0.0,0.0
2024-01-31 08:00:00,-0.000829126933664495,-0.0037468959206497145,0.0045760228543142096
2024-01-31 12:00:00,-0.003271672833326422,-0.018049447822026058,0.02132112065535248
2024-01-31 16:00:00,-0.0033794334807836037,-0.013065100426726536,0.01644453390751014
2024-01-31 20:00:00,-0.016598260211745677,-0.012803821806262116,0.029402082018007793
2024-02-01 00:00:00,-0.01005039404971432,0.0023435057084151417,0.012393899758129462
2024-02-01 04:00:00,-0.004569109698704661,0.014839724340627015,0.019408834039331677
2024-02-01 08:00:00,-0.004798704716787652,0.01476126450138162,0.01955996921816927
2024-02-01 12:00:00,-0.0012705570575893815,0.027855827953576037,0.02912638501116542
2024-02-01 16:00:00,-0.013350870698978024,0.0,0.013350870698978024
2024-02-01 20:00:00,-0.013347365278969738,0.0,0.013347365278969738
2024-02-02 00:00:00,-0.009739602984442113,0.010107812613246815,0.019847415597688926
2024-02-02 04:00:00,0.00868937670053262,0.010267951853151406,0.018957328553684025
2024-02-02 08:00:00,0.008529957207813084,0.010438713650406084,0.01896867085821917
2024-02-02 12:00:00,0.027509000017668605,0.02183271820412918,0.04934171822179778
2024-02-02 16:00:00,0.019139093111513877,0.0016111346548467326,0.02075022776636061
2024-02-02 20:00:00,0.02363793922224086,0.008424223267252107,0.032062162489492965
2024-02-03 00:00:00,0.03,0.02395986710825526,0.05395986710825526
2024-02-03 04:00:00,0.03,0.023678773727311205,0.0536787737273112
2024-02-03 08:00:00,0.010529166986117909,0.023771329522685073,0.034300496508802986
2024-02-03 12:00:00,0.008180276237580553,0.01587419985276349,0.024054476090344043
2024-02-03 16:00:00,0.008102286924339565,0.015846983364781977,0.02394927028912154
2024-02-03 20:00:00,0.008462742849526651,0.015579019491128271,0.024041762340654922
2024-02-04 00:00:00,0.0,0.0,0.0
2024-02-04 04:00:00,0.0,0.0,0.0
2024-02-04 08:00:00,0.0,0.0,0.0
2024-02-04 12:00:00,0.017655044721760146,0.0,0.017655044721760146
2024-02-04 16:00:00,0.01475414634116973,0.0,0.01475414634116973
2024-02-04 20:00:00,0.0,0.0,0.0
2024-02-05 00:00:00,0.0,0.0,0.0
2024-02-05 04:00:00,0.0,0.0,0.0
2024-02-05 08:00:00,0.002156998482141213,0.007515356337588988,0.009672354819730201
2024-02-05 12:00:00,0.007062816976010974,0.02354423092485089,0.030607047900861863
2024-02-05 16:00:00,0.0068778908065260935,0.02424003825204979,0.031117929058575883
2024-02-05 20:00:00,0.004946577613352981,0.016485402763883494,0.021431980377236474
2024-02-06 00:00:00,0.02267190950915267,0.03,0.05267190950915267
2024-02-06 04:00:00,0.021880102717170738,0.03,0.05188010271717074
2024-02-06 08:00:00,0.011744129297813367,0.03,0.04174412929781336
2024-02-06 12:00:00,0.004520643996923781,0.01501935197470624,0.01953999597163002
2024-02-06 16:00:00,0.028710549222948172,0.015225047724552519,0.04393559694750069
2024-02-06 20:00:00,0.004227003797523438,0.015068588192193127,0.019295591989716566
2024-02-07 00:00:00,0.012460553166838306,0.03,0.042460553166838305
2024-02-07 04:00:00,0.010031309149083794,0.03,0.040031309149083795
2024-02-07 08:00:00,0.009462586743038057,0.03,0.039462586743038056
2024-02-07 12:00:00,0.0,0.0,0.0
2024-02-07 16:00:00,-0.020480092485618107,0.018695925761577435,0.03917601824719554
2024-02-07 20:00:00,-0.03,0.003888737721197742,0.03388873772119774
2024-02-08 00:00:00,-0.01896119608599879,-0.015542687945298842,0.03450388403129763
2024-02-08 04:00:00,-0.01790802729950815,-0.015591116235661806,0.03349914353516996
2024-02-08 08:00:00,-0.01925782297313634,-0.005323455318794988,0.024581278291931328
2024-02-08 12:00:00,-0.00270278606373146,-0.005066110044566539,0.007768896108298
2024-02-08 16:00:00,-0.029338773948611906,-0.0052118730294648235,0.03455064697807673
2024-02-08 20:00:00,-0.027107681859195716,0.0,0.027107681859195716
2024-02-09 00:00:00,-0.027008217174328747,0.0,0.027008217174328747
2024-02-09 04:00:00,-0.025936798065418168,0.0,0.025936798065418168
2024-02-09 08:00:00,-0.03,-0.03,0.06
2024-02-09 12:00:00,-0.03,-0.00167720811722126,0.03167720811722126
2024-02-09 16:00:00,-0.03,0.014365647752226814,0.04436564775222682
2024-02-09 20:00:00,-0.03,0.01282109137851172,0.04282109137851172
2024-02-10 00:00:00,-0.03,0.015286072777520731,0.04528607277752073
2024-02-10 04:00:00,-0.02024845705407209,0.01574493520326201,0.0359933922573341
2024-02-10 08:00:00,-0.03,0.015749370167221315,0.04574937016722132
2024-02-10 12:00:00,-0.015889101415454125,0.015809807086639236,0.031698908502093365
2024-02-10 16:00:00,-0.0004036816514370889,0.01602252447438394,0.01642620612582103
2024-02-10 20:00:00,0.0,0.0,0.0
2024-02-11 00:00:00,-0.03,0.016132004862327815,0.04613200486232781
2024-02-11 04:00:00,-0.03,0.020203559302059467,0.05020355930205947
2024-02-11 08:00:00,-0.03,0.006157559781367369,0.036157559781367365
2024-02-11 12:00:00,-0.015402134798840332,0.005783794789939078,0.02118592958877941
2024-02-11 16:00:00,-0.016870590490392617,0.018858590614687334,0.03572918110507995
2024-02-11 20:00:00,0.0003318212318897315,0.016056631034873346,0.016388452266763078
2024-02-12 00:00:00,-0.016644222659338154,0.015285079546718077,0.031929302206056234
2024-02-12 04:00:00,0.0016917130126310842,0.029929835833862353,0.03162154884649344
2024-02-12 08:00:00,0.0011850712639851616,0.029679272690065053,0.030864343954050216
2024-02-12 12:00:00,-0.03,-0.006857115925557994,0.036857115925557994
2024-02-12 16:00:00,-0.023855890305779996,-0.03,0.053855890305779995
2024-02-12 20:00:00,-0.024462817111992257,-0.03,0.05446281711199226
2024-02-13 00:00:00,-0.02302949315185103,-0.018261978316734276,0.041291471468585306
2024-02-13 04:00:00,-0.021091809066799257,0.0,0.021091809066799257
2024-02-13 08:00:00,0.0,0.0,0.0
2024-02-13 12:00:00,0.00713269236437467,0.014600849300793816,0.021733541665168485
2024-02-13 16:00:00,0.006271197149741753,0.01426386373460535,0.020535060884347103
2024-02-13 20:00:00,0.006593507554659395,0.014253709706128213,0.020847217260787608
2024-02-14 00:00:00,0.006468044837047549,0.014231843970922848,0.0206998888079704
2024-02-14 04:00:00,0.0,0.0,0.0
2024-02-14 08:00:00,-0.027380298563543057,-0.03,0.057380298563543056
2024-02-14 12:00:00,-0.02457421254723792,-0.03,0.05457421254723792
2024-02-14 16:00:00,-0.023897542807971982,-0.03,0.05389754280797198
2024-02-14 20:00:00,-0.019992550171713475,-0.028241612906613894,0.04823416307832737
2024-02-15 00:00:00,-0.004166984593220811,-0.0093047841967791,0.013471768789999911
2024-02-15 04:00:00,0.02504503832926325,0.004723612292130475,0.029768650621393725
2024-02-15 08:00:00,0.022812733751570426,0.003326685718677811,0.026139419470248237
2024-02-15 12:00:00,0.0187979991026013,-0.016728606018225966,0.03552660512082727
2024-02-15 16:00:00,0.014167026146533255,-0.014822780891832765,0.028989807038366018
2024-02-15 20:00:00,0.00541975036171148,0.0025008478388380516,0.007920598200549533
2024-02-16 00:00:00,0.005556258752919705,0.0018136803625305904,0.007369939115450296
2024-02-16 04:00:00,0.010472155506313334,0.001414824555645594,0.011886980061958928
2024-02-16 08:00:00,0.006119907780075358,0.010847637215198104,0.016967544995273462
2024-02-16 12:00:00,0.00624614312893557,0.010786157535394126,0.017032300664329696
2024-02-16 16:00:00,0.006102739406712934,0.011010915864996038,0.017113655271708973
2024-02-16 20:00:00,0.006016659016969662,0.01075721115196834,0.016773870168938002
2024-02-17 00:00:00,0.005431552285659099,0.010813774016222365,0.016245326301881465
2024-02-17 04:00:00,0.005676459706023374,0.010396148840815932,0.016072608546839305
2024-02-17 08:00:00,0.0068725994777304195,0.021416571699240772,0.02828917117697119
2024-02-17 12:00:00,0.0066134722150606425,0.021000274585730897,0.02761374680079154
2024-02-17 16:00:00,0.005833214446254805,0.026886953228875403,0.03272016767513021
2024-02-17 20:00:00,0.006027889124736513,0.02737450222673966,0.03340239135147617
2024-02-18 00:00:00,0.005827324997215804,0.027499016345131196,0.033326341342347
2024-02-18 04:00:00,0.012424422608110807,0.03,0.04242442260811081
2024-02-18 08:00:00,0.026095008451587857,0.03,0.05609500845158785
2024-02-18 12:00:00,0.023805508415232133,0.03,0.05380550841523213
2024-02-18 16:00:00,0.023511778159127993,0.03,0.05351177815912799
2024-02-18 20:00:00,0.024130109689950306,0.029850935458207592,0.053981045148157894
2024-02-19 00:00:00,0.005940082537216649,0.009587989533846781,0.01552807207106343
2024-02-19 04:00:00,0.01223480200181698,0.03,0.04223480200181698
2024-02-19 08:00:00,0.0073604344272477345,0.019888325138712033,0.02724875956595977
2024-02-19 12:00:00,0.017837397679657148,0.0001326247418390568,0.017970022421496205
2024-02-19 16:00:00,0.010789731820756009,-0.020321962693151195,0.031111694513907204
2024-02-19 20:00:00,-0.006855866153031683,-0.01924087009739856,0.026096736250430245
2024-02-20 00:00:00,-0.008978847853087333,-0.03,0.038978847853087334
2024-02-20 04:00:00,-0.009214295385836381,-0.03,0.03921429538583638
2024-02-20 08:00:00,-0.008385715366611483,-0.03,0.03838571536661148
2024-02-20 12:00:00,-0.03,-0.03,0.06
2024-02-20 16:00:00,-0.03,-0.025216162549307808,0.05521616254930781
2024-02-20 20:00:00,-0.02752905973635138,-0.0232137916943721,0.050742851430723476
2024-02-21 00:00:00,-0.026033543952998613,-0.023456166399426853,0.04948971035242547
2024-02-21 04:00:00,-0.015414811655760068,-0.005066319999956004,0.02048113165571607
2024-02-21 08:00:00,0.0038722704392262133,0.0030446337053765104,0.006916904144602724
2024-02-21 12:00:00,0.00362045518055705,0.0031897322369861623,0.006810187417543212
2024-02-21 16:00:00,-0.0020959706692281325,-0.008103484804680629,0.01019945547390876
2024-02-21 20:00:00,-0.0021951922431729513,-0.008707139231866202,0.010902331475039153
2024-02-22 00:00:00,-0.0023302748207449267,-0.008901429060348518,0.011231703881093446
2024-02-22 04:00:00,0.014613551478584732,-0.001472451319565052,0.016086002798149784
2024-02-22 08:00:00,0.016577702863612796,0.0,0.016577702863612796
2024-02-22 12:00:00,0.0,0.0,0.0
2024-02-22 16:00:00,0.0,0.0,0.0
2024-02-22 20:00:00,0.0,0.0,0.0
2024-02-23 00:00:00,-0.0023085347790851372,-0.008986101658866723,0.01129463643795186
2024-02-23 04:00:00,0.0038146993889511802,0.018201743520181574,0.022016442909132756
2024-02-23 08:00:00,0.003859287692418085,0.017675393260176236,0.02153468095259432
2024-02-23 12:00:00,-0.025815516295140832,0.03,0.05581551629514083
2024-02-23 16:00:00,-0.03,0.03,0.06
2024-02-23 20:00:00,-0.010463592988647696,0.022201882178043524,0.032665475166691216
2024-02-24 00:00:00,-0.01630261404415175,0.015541489046597917,0.03184410309074967
2024-02-24 04:00:00,-0.016857251098915213,0.015070742575744055,0.03192799367465927
2024-02-24 08:00:00,0.006016187751890311,0.021113392149176458,0.02712957990106677
2024-02-24 12:00:00,0.005548050267819657,0.02070079230631528,0.02624884257413494
2024-02-24 16:00:00,0.005821669462084926,0.021067173723208963,0.026888843185293887
2024-02-24 20:00:00,0.002176574121342209,0.004458616363161414,0.006635190484503622
2024-02-25 00:00:00,0.0019916520920898553,0.004546611442506683,0.006538263534596538
2024-02-25 04:00:00,0.002319493158724377,0.003934740386208805,0.0062542335449331824
2024-02-25 08:00:00,0.0,0.0,0.0
2024-02-25 12:00:00,0.0,0.0,0.0
2024-02-25 16:00:00,0.0,0.0,0.0
2024-02-25 20:00:00,0.019855182613507837,0.0,0.019855182613507837
2024-02-26 00:00:00,0.019465005559226853,0.0,0.019465005559226853
2024-02-26 04:00:00,0.019495076123152662,0.0,0.019495076123152662
2024-02-26 08:00:00,0.0009046523537063929,0.0,0.0009046523537063929
2024-02-26 12:00:00,0.017932972525683235,0.010915797800415173,0.028848770326098408
2024-02-26 16:00:00,0.012341593221113821,0.010298721329455916,0.022640314550569737
2024-02-26 20:00:00,0.015393278498435154,0.02770902173998012,0.04310230023841527
2024-02-27 00:00:00,-0.003952926975763305,0.027267378547926338,0.031220305523689644
2024-02-27 04:00:00,-0.006950133081966247,0.0,0.006950133081966247
2024-02-27 08:00:00,0.0162713834278934,0.0,0.0162713834278934
2024-02-27 12:00:00,-0.008129807915181158,-0.03,0.038129807915181155
2024-02-27 16:00:00,-0.014001676083470325,-0.03,0.044001676083470324
2024-02-27 20:00:00,-0.014999550630172068,-0.029725794745988306,0.04472534537616037
2024-02-28 00:00:00,-0.0010477214356370869,-0.029091235560393284,0.03013895699603037
2024-02-28 04:00:00,0.0,0.0,0.0
2024-02-28 08:00:00,-0.014959195552847207,0.0,0.014959195552847207
2024-02-28 12:00:00,-0.02981154436873805,0.011472630249923298,0.04128417461866135
2024-02-28 16:00:00,-0.03,0.010486217879447958,0.04048621787944796
2024-02-28 20:00:00,-0.03,0.010361335852649936,0.040361335852649935
2024-02-29 00:00:00,-0.028462595324963088,0.015374824094755442,0.043837419419718526
2024-02-29 04:00:00,-0.0163300712127379,0.02554440546074311,0.04187447667348101
2024-02-29 08:00:00,-0.004490791471724793,0.01082035108619425,0.015311142557919044
2024-02-29 12:00:00,-0.003916550472258173,0.010814385384696996,0.014730935856955169
2024-02-29 16:00:00,0.0015350488375926292,0.0005357699494531968,0.002070818787045826
2024-02-29 20:00:00,-0.006176587148132534,0.01211598998193692,0.018292577130069453
2024-03-01 00:00:00,-0.006037068713912315,0.012138326565400039,0.018175395279312355
2024-03-01 04:00:00,-0.006291919224394332,0.0,0.006291919224394332
2024-03-01 08:00:00,-0.006230031714804398,0.0,0.006230031714804398
2024-03-01 12:00:00,-0.006268223433007128,0.0,0.006268223433007128
2024-03-01 16:00:00,0.009819811967227306,-0.01640668366381752,0.026226495631044826
2024-03-01 20:00:00,0.009861034994953012,-0.01613598835023327,0.025997023345186283
2024-03-02 00:00:00,0.016447327366458642,0.00035535062520807015,0.016802677991666713
2024-03-02 04:00:00,0.008619662790984802,-0.0005709192765436973,0.0091905820675285
2024-03-02 08:00:00,0.009125824789559377,-0.0016498283614480858,0.010775653151007463
2024-03-02 12:00:00,0.0026690122405504824,-0.0009283862722652206,0.003597398512815703
2024-03-02 16:00:00,0.0025420223790777246,0.0059299130360106235,0.008471935415088349
2024-03-02 20:00:00,0.010847480409085376,-0.0030634114059964173,0.013910891815081794
2024-03-03 00:00:00,0.010421856564962723,-0.003075182371715765,0.013497038936678488
2024-03-03 04:00:00,0.010112521572990245,-0.018548443873694725,0.02866096544668497
2024-03-03 08:00:00,0.01721737703824215,-0.018024734947764576,0.03524211198600673
2024-03-03 12:00:00,0.017000928756061417,-0.009111690407730522,0.02611261916379194
2024-03-03 16:00:00,0.014699373504245897,0.005012650066452646,0.019712023570698543
2024-03-03 20:00:00,-0.0009933393042506427,0.011507927421059863,0.012501266725310507
2024-03-04 00:00:00,-0.0010408303524166622,0.011389234643932683,0.012430064996349344
2024-03-04 04:00:00,-0.001308416389933477,0.011569918391061921,0.012878334780995399
2024-03-04 08:00:00,-0.001042588997292086,0.011278289409083238,0.012320878406375324
2024-03-04 12:00:00,-0.009571081148632709,0.011476810209069906,0.021047891357702617
2024-03-04 16:00:00,-0.023520615324967777,0.011380588007182725,0.0349012033321505
2024-03-04 20:00:00,-0.009378331024656817,0.011560565378485916,0.020938896403142733
2024-03-05 00:00:00,-0.010640987031797482,0.0026585141093689937,0.013299501141166476
2024-03-05 04:00:00,-0.009411498382113172,0.019870041940344002,0.029281540322457174
2024-03-05 08:00:00,-0.010373811293915106,0.025767601033786315,0.03614141232770142
2024-03-05 12:00:00,0.0016744540488824212,0.008549885493156509,0.01022433954203893
2024-03-05 16:00:00,-0.002235445208748096,0.00486917443030969,0.007104619639057786
2024-03-05 20:00:00,-0.008721603073682487,0.008958349872120512,0.017679952945802997
2024-03-06 00:00:00,-0.0004860804016952737,0.008090931084020682,0.008577011485715956
2024-03-06 04:00:00,-0.004341667874573566,-0.002999018793494075,0.007340686668067641
2024-03-06 08:00:00,0.006742174578272414,-0.012941176369083913,0.019683350947356328
2024-03-06 12:00:00,0.009256493475533138,-0.004377065702612166,0.013633559178145304
2024-03-06 16:00:00,0.010058590468711529,-0.0070328998824556845,0.017091490351167214
2024-03-06 20:00:00,0.01728327533149667,-0.0069470448295910455,0.024230320161087716
2024-03-07 00:00:00,0.01662035547984167,-0.007023611464622178,0.02364396694446385
2024-03-07 04:00:00,0.014100558402459246,0.006908239440635758,0.021008797843095003
2024-03-07 08:00:00,0.00029751090999833863,0.006856021358465822,0.00715353226846416
2024-03-07 12:00:00,0.007887192487572034,0.0069088878929837415,0.014796080380555776
2024-03-07 16:00:00,0.007557210478420353,0.0,0.007557210478420353
2024-03-07 20:00:00,0.0071827140823104456,0.0070514261979098165,0.014234140280220263
2024-03-08 00:00:00,0.00657698821020263,0.007092726366018938,0.013669714576221568
2024-03-08 04:00:00,0.006730915956008811,0.0,0.006730915956008811
2024-03-08 08:00:00,0.006757550146647417,0.0,0.006757550146647417
2024-03-08 12:00:00,0.0,0.0,0.0
2024-03-08 16:00:00,0.0,0.0,0.0
2024-03-08 20:00:00,0.0,0.0,0.0
2024-03-09 00:00:00,0.0,0.0,0.0
2024-03-09 04:00:00,0.0,0.0,0.0
2024-03-09 08:00:00,0.0,0.0,0.0
2024-03-09 12:00:00,0.0,0.0,0.0
2024-03-09 16:00:00,0.0,0.0,0.0
2024-03-09 20:00:00,0.0,0.0,0.0
2024-03-10 00:00:00,0.0,0.0,0.0
2024-03-10 04:00:00,0.006732134257795202,0.0,0.006732134257795202
2024-03-10 08:00:00,0.006556439179401404,0.0,0.006556439179401404
2024-03-10 12:00:00,0.006079205227918902,0.0,0.006079205227918902
2024-03-10 16:00:00,0.006074156985766317,0.0,0.006074156985766317
2024-03-10 20:00:00,0.0009173362925851538,0.008978741978786283,0.009896078271371437
2024-03-11 00:00:00,0.00020856596373314113,0.006892449738031417,0.007101015701764558
2024-03-11 04:00:00,0.0002603835938760764,0.006838645888744036,0.007099029482620112
2024-03-11 08:00:00,0.0073308327264963715,0.006745371675411351,0.014076204401907723
2024-03-11 12:00:00,0.0,0.0,0.0
2024-03-11 16:00:00,0.0,0.0,0.0
2024-03-11 20:00:00,0.0,0.0,0.0
2024-03-12 00:00:00,0.0,0.0,0.0
2024-03-12 04:00:00,0.0,0.0,0.0
2024-03-12 08:00:00,0.0,0.0,0.0
2024-03-12 12:00:00,0.006588756256003569,0.0,0.006588756256003569
2024-03-12 16:00:00,0.005217857438569381,0.0,0.005217857438569381
2024-03-12 20:00:00,0.004961750221930851,0.0,0.004961750221930851
2024-03-13 00:00:00,0.004966876955865418,0.0,0.004966876955865418
2024-03-13 04:00:00,-0.0016571848434135381,0.020919306192260123,0.022576491035673663
2024-03-13 08:00:00,0.004045335847970771,0.007249228707451169,0.01129456455542194
2024-03-13 12:00:00,0.012287334796918861,0.007236339246731981,0.01952367404365084
2024-03-13 16:00:00,0.01337139010419306,0.0,0.01337139010419306
2024-03-13 20:00:00,0.013376032945831465,0.0,0.013376032945831465
2024-03-14 00:00:00,0.017676898577142067,0.0,0.017676898577142067
2024-03-14 04:00:00,0.009308866925481326,0.0,0.009308866925481326
2024-03-14 08:00:00,0.012231459873125591,0.00758323925378012,0.01981469912690571
2024-03-14 12:00:00,0.003785360047437627,0.0071234316943296575,0.010908791741767284
2024-03-14 16:00:00,0.004763388314955142,0.0,0.004763388314955142
2024-03-14 20:00:00,0.00822850428707842,0.0,0.00822850428707842
2024-03-15 00:00:00,0.01816438266560764,-0.01004740093523968,0.02821178360084732
2024-03-15 04:00:00,0.016240886653348382,-0.009779434454565559,0.02602032110791394
2024-03-15 08:00:00,0.011790383205842985,0.0,0.011790383205842985
2024-03-15 12:00:00,0.011757482080784042,0.0,0.011757482080784042
2024-03-15 16:00:00,0.007427300859465367,0.0,0.007427300859465367
2024-03-15 20:00:00,0.013423258198323216,0.0,0.013423258198323216
2024-03-16 00:00:00,0.008830856023739102,0.013404267123714966,0.02223512314745407
2024-03-16 04:00:00,0.013394937174578278,0.01310218601502775,0.02649712318960603
2024-03-16 08:00:00,0.008238518926370455,0.01309822710899942,0.021336746035369874
2024-03-16 12:00:00,0.00017804368384410907,0.013567285542864694,0.013745329226708803
2024-03-16 16:00:00,-0.0007620044838603001,-0.0025305391643432353,0.0032925436482035353
2024-03-16 20:00:00,7.68767943237908e-05,-0.0038614621461534864,0.003938338940477277
2024-03-17 00:00:00,0.00021165070433830022,-0.0037232407515335394,0.00393489145587184
2024-03-17 04:00:00,-0.01269672614535319,0.012048076390113478,0.024744802535466667
2024-03-17 08:00:00,-0.003425911298129824,0.0,0.003425911298129824
2024-03-17 12:00:00,-0.010834083708039552,0.01621789782164266,0.02705198152968221
2024-03-17 16:00:00,-0.010719674511820647,0.015767782325868642,0.02648745683768929
2024-03-17 20:00:00,-0.014743543067388242,0.01592748779660461,0.03067103086399285
2024-03-18 00:00:00,-0.014561342579227601,0.01573094976953448,0.03029229234876208
2024-03-18 04:00:00,-0.014604801538654524,0.01598428442940883,0.030589085968063354
2024-03-18 08:00:00,-0.013133169125701002,0.013204147125427347,0.026337316251128347
2024-03-18 12:00:00,-0.012720285246447317,0.01254393178269096,0.025264217029138277
2024-03-18 16:00:00,-0.012741447573861973,0.012526343144918115,0.02526779071878009
2024-03-18 20:00:00,-0.01266716375150292,0.0,0.01266716375150292
2024-03-19 00:00:00,-0.00789734774076241,0.0,0.00789734774076241
2024-03-19 04:00:00,-0.007879241459065885,0.0,0.007879241459065885
2024-03-19 08:00:00,-0.027673651430839226,0.03,0.057673651430839225
2024-03-19 12:00:00,-0.01982311478882614,0.03,0.04982311478882614
2024-03-19 16:00:00,-0.006344397607287111,0.013374741868266468,0.01971913947555358
2024-03-19 20:00:00,-0.010326944502158555,0.02404001166111579,0.03436695616327434
2024-03-20 00:00:00,-0.009138776153393476,0.020791568351266776,0.029930344504660252
2024-03-20 04:00:00,-0.01645694253016501,0.03,0.04645694253016501
2024-03-20 08:00:00,-0.012060085677626573,0.01824646389568487,0.030306549573311442
2024-03-20 12:00:00,-0.014993246132643289,0.008311540543679115,0.023304786676322402
2024-03-20 16:00:00,-0.01457863673013148,0.007627544315741907,0.022206181045873387
2024-03-20 20:00:00,-0.006746509556122793,0.006426276945018355,0.013172786501141148
2024-03-21 00:00:00,-0.006708365874656293,0.015956226107027443,0.022664591981683736
2024-03-21 04:00:00,-0.0038905475282091646,0.0090186507611001,0.012909198289309264
2024-03-21 08:00:00,0.0,0.0,0.0
2024-03-21 12:00:00,-0.0005898060624416586,0.009489765590066838,0.010079571652508498
2024-03-21 16:00:00,-0.0006271184557043283,0.009269896487510882,0.00989701494321521
2024-03-21 20:00:00,-0.0008908734488372405,0.009308315622682342,0.010199189071519583
2024-03-22 00:00:00,0.006041406818651396,0.008905210080683689,0.014946616899335085
2024-03-22 04:00:00,0.0029074048494664322,0.009088997471755551,0.011996402321221983
2024-03-22 08:00:00,0.0,0.0,0.0
2024-03-22 12:00:00,-0.0035495022991269103,0.00880392269209919,0.0123534249912261
2024-03-22 16:00:00,-0.0032228553108714078,0.01667249993116724,0.01989535524203865
2024-03-22 20:00:00,-8.263769823200973e-05,0.008175487741610022,0.008258125439842032
2024-03-23 00:00:00,0.00044462423423796357,0.017553729887494054,0.017998354121732018
2024-03-23 04:00:00,0.00046550034612906577,0.017434288998472262,0.01789978934460133
2024-03-23 08:00:00,0.0,0.0,0.0
2024-03-23 12:00:00,0.0,0.0,0.0
2024-03-23 16:00:00,0.0,0.0,0.0
2024-03-23 20:00:00,0.0,0.0,0.0
2024-03-24 00:00:00,0.0,0.0,0.0
2024-03-24 04:00:00,0.0,0.0,0.0
2024-03-24 08:00:00,-0.00300634618798177,0.008028136941333076,0.011034483129314845
2024-03-24 12:00:00,-0.002659726271727703,0.007598290471207172,0.010258016742934875
2024-03-24 16:00:00,-0.0024420541179493386,0.007439129945155581,0.009881184063104918
2024-03-24 20:00:00,-0.0024210690218846574,0.007429950853154564,0.00985101987503922
2024-03-25 00:00:00,-0.0024661736722478393,0.0074119828639948706,0.009878156536242709
2024-03-25 04:00:00,0.0,0.0,0.0
2024-03-25 08:00:00,0.0,0.0,0.0
2024-03-25 12:00:00,-0.02775613881851509,-0.020760963564025715,0.048517102382540804
2024-03-25 16:00:00,-0.02487362239903206,-0.022037983116530456,0.04691160551556252
2024-03-25 20:00:00,-0.005878888850316515,-0.019227736342514807,0.02510662519283132
2024-03-26 00:00:00,-0.0006545827950030095,-0.018327984628602384,0.018982567423605393
2024-03-26 04:00:00,0.000209747023432856,-0.010975688821526643,0.011185435844959499
2024-03-26 08:00:00,0.00041377848803773767,0.007911626741829348,0.008325405229867085
2024-03-26 12:00:00,0.00010136618056299643,0.008041219436733348,0.008142585617296345
2024-03-26 16:00:00,-4.94551449483461e-05,0.008294380887778185,0.00834383603272653
2024-03-26 20:00:00,0.0006020140138590748,0.007725974218036517,0.008327988231895591
2024-03-27 00:00:00,0.000758587818544735,0.007772493941280049,0.008531081759824784
2024-03-27 04:00:00,0.0006534405554325167,0.007745368915037478,0.008398809470469995
2024-03-27 08:00:00,0.0,0.0,0.0
2024-03-27 12:00:00,0.0,0.0,0.0
2024-03-27 16:00:00,0.0,0.0,0.0
2024-03-27 20:00:00,0.0,0.0,0.0
2024-03-28 00:00:00,0.0,0.0,0.0
2024-03-28 04:00:00,0.0,0.0,0.0
2024-03-28 08:00:00,0.0,0.0,0.0
2024-03-28 12:00:00,0.0,0.0,0.0
2024-03-28 16:00:00,0.0005334093293962034,0.014062829496917185,0.014596238826313388
2024-03-28 20:00:00,0.012009935258710563,0.012813819515140532,0.024823754773851094
2024-03-29 00:00:00,0.0,0.0,0.0
2024-03-29 04:00:00,0.010868909432607926,0.0,0.010868909432607926
2024-03-29 08:00:00,0.010049520963749763,0.027001838038767982,0.03705135900251774
2024-03-29 12:00:00,-0.0002764808923867183,0.026974345519959565,0.027250826412346284
2024-03-29 16:00:00,-0.0004288107729169589,0.02749168768043644,0.0279204984533534
2024-03-29 20:00:00,0.013492224395768988,0.0,0.013492224395768988
2024-03-30 00:00:00,0.01375223375146526,0.005168683005084455,0.018920916756549715
2024-03-30 04:00:00,0.013289959819559563,0.0,0.013289959819559563
2024-03-30 08:00:00,0.01313693659682464,0.0,0.01313693659682464
2024-03-30 12:00:00,0.013394921791341788,0.0,0.013394921791341788
2024-03-30 16:00:00,0.0,0.0,0.0
2024-03-30 20:00:00,-0.00105021958719945,-0.013452147912804774,0.014502367500004224
2024-03-31 00:00:00,0.0,0.0,0.0
2024-03-31 04:00:00,0.0,0.0,0.0
2024-03-31 08:00:00,-0.003086069303890584,-0.026229265496004094,0.029315334799894677
2024-03-31 12:00:00,-0.002463546411035344,-0.026259056559255207,0.028722602970290553
2024-03-31 16:00:00,0.0,0.0,0.0
2024-03-31 20:00:00,0.0,0.0,0.0
2024-04-01 00:00:00,0.0,0.0,0.0
2024-04-01 04:00:00,0.0,0.0,0.0
2024-04-01 08:00:00,0.0,0.0,0.0
2024-04-01 12:00:00,0.006906165512875804,0.025064049838984526,0.03197021535186033
2024-04-01 16:00:00,-0.008473269222777559,0.02389672367065883,0.03236999289343639
2024-04-01 20:00:00,-0.010223518442529687,0.010650079047377695,0.020873597489907383
2024-04-02 00:00:00,0.002215762011949917,0.010450825605177716,0.012666587617127634
2024-04-02 04:00:00,-0.005860002758761384,0.01891553540174449,0.024775538160505872
2024-04-02 08:00:00,0.0,0.0,0.0
2024-04-02 12:00:00,0.001255376101670181,0.013905485860528437,0.015160861962198619
2024-04-02 16:00:00,0.016277270894759267,0.013567161083168449,0.029844431977927716
2024-04-02 20:00:00,0.01598446198900676,0.013643633605461282,0.029628095594468044
2024-04-03 00:00:00,0.014543315412332086,0.0004488067183721599,0.014992122130704246
2024-04-03 04:00:00,0.014893905497272469,0.001425510554907753,0.01631941605218022
2024-04-03 08:00:00,0.016293853561289536,0.012746170855514221,0.029040024416803756
2024-04-03 12:00:00,0.016461680951716903,0.013772567192294928,0.03023424814401183
2024-04-03 16:00:00,0.016883707885458354,0.013060920161289931,0.029944628046748287
2024-04-03 20:00:00,0.017135768577382013,0.012769833698297652,0.029905602275679663
2024-04-04 00:00:00,0.03,0.0,0.03
2024-04-04 04:00:00,0.03,0.004854268545406028,0.03485426854540603
2024-04-04 08:00:00,0.01621545667083462,0.0053400731643175265,0.021555529835152146
2024-04-04 12:00:00,0.0019555927785287275,0.005127086055974638,0.007082678834503365
2024-04-04 16:00:00,-0.016083232346203732,0.005000625724573947,0.02108385807077768
2024-04-04 20:00:00,-0.016675496612972806,0.005597183427510535,0.022272680040483342
2024-04-05 00:00:00,-0.01726097336843605,0.005923269720721216,0.02318424308915727
2024-04-05 04:00:00,-0.02901369671401722,0.005942920228398115,0.034956616942415336
2024-04-05 08:00:00,-0.03,-0.0028897341161128326,0.03288973411611283
2024-04-05 12:00:00,-0.03,-0.002738216257798632,0.03273821625779863
2024-04-05 16:00:00,-0.03,-0.0026596867146740453,0.03265968671467404
2024-04-05 20:00:00,-0.03,-0.0029493224149765504,0.03294932241497655
2024-04-06 00:00:00,-0.03,-0.00308542869830547,0.03308542869830547
2024-04-06 04:00:00,-0.025117970001028514,0.005755687998665842,0.030873657999694354
2024-04-06 08:00:00,-0.001941282209734484,0.016999462067761015,0.0189407442774955
2024-04-06 12:00:00,-0.008724196566392176,0.011168255384963124,0.0198924519513553
2024-04-06 16:00:00,0.0,0.0,0.0
2024-04-06 20:00:00,0.0,0.0,0.0
2024-04-07 00:00:00,0.0,0.0,0.0
2024-04-07 04:00:00,0.0,0.0,0.0
2024-04-07 08:00:00,0.007202454596503014,0.005294909631902677,0.01249736422840569
2024-04-07 12:00:00,0.0,0.0,0.0
2024-04-07 16:00:00,0.0,0.0,0.0
2024-04-07 20:00:00,0.02869475740594893,0.01549647385789904,0.04419123126384797
2024-04-08 00:00:00,0.008345707166400264,0.01733263407180918,0.025678341238209446
2024-04-08 04:00:00,0.0047786557588072875,0.005984028680591911,0.010762684439399199
2024-04-08 08:00:00,-0.0026425915085958713,-0.01262239659022222,0.015264988098818091
2024-04-08 12:00:00,-0.00904098947878007,-0.019963530788869657,0.029004520267649728
2024-04-08 16:00:00,-0.009740565325080691,-0.019624420950169762,0.029364986275250454
2024-04-08 20:00:00,-0.00842072614047401,-0.007378646990181309,0.01579937313065532
2024-04-09 00:00:00,-0.008943020134019625,-0.004839472047730924,0.013782492181750549
2024-04-09 04:00:00,-0.0058297121202357995,-0.006814023898280693,0.012643736018516493
2024-04-09 08:00:00,0.013841569335601336,0.016421322600361016,0.030262891935962353
2024-04-09 12:00:00,0.010833538368082821,0.00489082322084015,0.015724361588922972
2024-04-09 16:00:00,0.02185596244112308,-0.006158521017933228,0.028014483459056307
2024-04-09 20:00:00,-0.010141670324513626,-0.026889767148144283,0.03703143747265791
2024-04-10 00:00:00,-0.020206030034550265,-0.01782199670532182,0.03802802673987209
2024-04-10 04:00:00,-0.009595894084893454,-0.017154921838031353,0.026750815922924807
2024-04-10 08:00:00,-0.02041174057208189,-0.01735961604065716,0.037771356612739046
2024-04-10 12:00:00,-0.009532400363776316,-0.017320782289592246,0.026853182653368564
2024-04-10 16:00:00,-0.0010353758171506235,-0.026957002040779943,0.027992377857930566
2024-04-10 20:00:00,-0.007287789204768585,-0.02437469568048963,0.03166248488525822
2024-04-11 00:00:00,-0.00721422787278415,-0.024266340975970205,0.03148056884875435
2024-04-11 04:00:00,-0.01848979119133467,-0.022897277257300938,0.04138706844863561
2024-04-11 08:00:00,-0.01801961495164454,-0.022660782458803753,0.040680397410448293
2024-04-11 12:00:00,-0.0022719679931780573,-0.01757356688581841,0.019845534878996467
2024-04-11 16:00:00,-0.0064517364322903125,-0.017882780788453467,0.024334517220743777
2024-04-11 20:00:00,0.0014007335120209629,0.0024862068174359353,0.003886940329456898
2024-04-12 00:00:00,0.0009340502201141184,0.002099420055454406,0.0030334702755685245
2024-04-12 04:00:00,0.005880031806563329,-0.006731837719562854,0.012611869526126182
2024-04-12 08:00:00,-0.003992849260095801,-0.0069474469992142325,0.010940296259310034
2024-04-12 12:00:00,-0.01700835965967691,-0.006727685441135239,0.02373604510081215
2024-04-12 16:00:00,-0.03,-0.03,0.06
2024-04-12 20:00:00,-0.02797233475340186,-0.03,0.057972334753401855
2024-04-13 00:00:00,-0.03,-0.027484591538497583,0.05748459153849758
2024-04-13 04:00:00,-0.018285468323741776,-0.01894677050093439,0.03723223882467616
2024-04-13 08:00:00,-0.012880720129134486,0.0,0.012880720129134486
2024-04-13 12:00:00,-0.012904331522404975,0.0,0.012904331522404975
2024-04-13 16:00:00,-0.02603803577037641,-0.03,0.05603803577037641
2024-04-13 20:00:00,-0.02667492764158811,-0.03,0.05667492764158811
2024-04-14 00:00:00,-0.017546544603961448,-0.03,0.047546544603961446
2024-04-14 04:00:00,-0.009200256775230849,-0.024825587511026273,0.03402584428625712
2024-04-14 08:00:00,-0.0006485943233935608,-0.017583342787633426,0.018231937111026986
2024-04-14 12:00:00,0.0015581837919444073,-0.008906434709191224,0.010464618501135631
2024-04-14 16:00:00,0.012455429504328795,-0.008832602308993262,0.021288031813322054
2024-04-14 20:00:00,0.012424758865432692,-0.008822049479812731,0.02124680834524542
2024-04-15 00:00:00,0.0009898435377949646,-0.008746257803055704,0.009736101340850668
2024-04-15 04:00:00,0.0007999801056730241,-0.008596329553387223,0.009396309659060248
2024-04-15 08:00:00,0.0008984771582709798,-0.008735449911449457,0.009633927069720436
2024-04-15 12:00:00,0.0,0.0,0.0
2024-04-15 16:00:00,0.0,0.0,0.0
2024-04-15 20:00:00,0.0,0.0,0.0
2024-04-16 00:00:00,0.0,0.0,0.0
2024-04-16 04:00:00,0.0,0.0,0.0
2024-04-16 08:00:00,0.0,0.0,0.0
2024-04-16 12:00:00,0.0,0.0,0.0
2024-04-16 16:00:00,0.0,0.0,0.0
2024-04-16 20:00:00,0.0,0.0,0.0
2024-04-17 00:00:00,0.0,0.0,0.0
2024-04-17 04:00:00,0.012065997151299981,0.0,0.012065997151299981
2024-04-17 08:00:00,0.011661635409438535,0.0,0.011661635409438535
2024-04-17 12:00:00,0.024676176080626114,0.00829612977779032,0.032972305858416436
2024-04-17 16:00:00,0.03,0.008422788264143654,0.03842278826414365
2024-04-17 20:00:00,0.03,0.0,0.03
2024-04-18 00:00:00,0.02105246670231558,0.0,0.02105246670231558
2024-04-18 04:00:00,0.01107216600510874,0.0,0.01107216600510874
2024-04-18 08:00:00,0.01103076315240389,0.0,0.01103076315240389
2024-04-18 12:00:00,0.0,0.0,0.0
2024-04-18 16:00:00,0.0,0.0,0.0
2024-04-18 20:00:00,0.0,0.0,0.0
2024-04-19 00:00:00,0.0,0.0,0.0
2024-04-19 04:00:00,0.0,0.0,0.0
2024-04-19 08:00:00,0.0,0.0,0.0
2024-04-19 12:00:00,0.0,0.0,0.0
2024-04-19 16:00:00,0.0,0.0,0.0
2024-04-19 20:00:00,0.0,0.0,0.0
2024-04-20 00:00:00,0.0,0.0,0.0
2024-04-20 04:00:00,0.0,0.0,0.0
2024-04-20 08:00:00,0.0,0.0,0.0
2024-04-20 12:00:00,0.0,0.0,0.0
2024-04-20 16:00:00,0.0,0.0,0.0
2024-04-20 20:00:00,0.0,0.0,0.0
2024-04-21 00:00:00,0.0,0.0,0.0
2024-04-21 04:00:00,0.0,0.0,0.0
2024-04-21 08:00:00,0.0,0.0,0.0
2024-04-21 12:00:00,0.0,0.0,0.0
2024-04-21 16:00:00,0.0,0.0,0.0
2024-04-21 20:00:00,0.0,0.0,0.0
2024-04-22 00:00:00,-0.0009240765806996181,0.009873379792125025,0.010797456372824643
2024-04-22 04:00:00,-0.00039921551392947766,0.009553840044375195,0.009953055558304674
2024-04-22 08:00:00,-0.00023905556624253835,0.009330678381900357,0.009569733948142896
2024-04-22 12:00:00,-0.00022321176533126973,0.009327619510356107,0.009550831275687377
2024-04-22 16:00:00,0.0,0.0,0.0
2024-04-22 20:00:00,0.0,0.0,0.0
2024-04-23 00:00:00,0.0,0.0,0.0
2024-04-23 04:00:00,0.0,0.0,0.0
2024-04-23 08:00:00,0.00024191884338141452,-0.01317270908081604,0.013414627924197455
2024-04-23 12:00:00,0.00023544758277824153,-0.028564868238309338,0.02880031582108758
2024-04-23 16:00:00,0.00011445825618973439,-0.015356371231529926,0.01547082948771966
2024-04-23 20:00:00,-8.862600390461967e-06,-0.016406622711546172,0.016415485311936633
2024-04-24 00:00:00,0.0,0.0,0.0
2024-04-24 04:00:00,0.0,0.0,0.0
2024-04-24 08:00:00,-0.0012901997706458068,-0.02093812478206562,0.022228324552711426
2024-04-24 12:00:00,0.0,0.0,0.0
2024-04-24 16:00:00,0.02304213874630017,0.03,0.05304213874630017
2024-04-24 20:00:00,-0.008410646697259579,0.03,0.038410646697259576
2024-04-25 00:00:00,-0.011412244844809061,0.03,0.04141224484480906
2024-04-25 04:00:00,-0.011201376003382803,0.03,0.041201376003382806
2024-04-25 08:00:00,-0.016381278199416097,0.03,0.04638127819941609
2024-04-25 12:00:00,-0.01548476885761127,0.018513945209122924,0.033998714066734194
2024-04-25 16:00:00,-0.017980498594804443,0.00018762377151259127,0.018168122366317034
2024-04-25 20:00:00,-0.016576846839531045,-0.015880565534890936,0.032457412374421984
2024-04-26 00:00:00,-0.01781105123788921,-0.03,0.04781105123788921
2024-04-26 04:00:00,-0.001001476386124301,-0.03,0.0310014763861243
2024-04-26 08:00:00,-0.0009069615366369796,-0.03,0.030906961536636978
2024-04-26 12:00:00,0.02214812817004351,-0.03,0.05214812817004351
2024-04-26 16:00:00,0.018252407585956858,-0.0157450553259995,0.03399746291195636
2024-04-26 20:00:00,0.0006840110682190585,-0.015655633069047176,0.016339644137266233
2024-04-27 00:00:00,0.01826147344784806,-0.015747593869979565,0.03400906731782763
2024-04-27 04:00:00,0.0002690718907439239,-0.015130107833020087,0.015399179723764011
2024-04-27 08:00:00,0.00025422393978346365,-0.015228201431458994,0.015482425371242458
2024-04-27 12:00:00,0.0001850476175202698,-0.015105572128412037,0.015290619745932307
2024-04-27 16:00:00,0.014508322670343118,-0.006391803649245792,0.02090012631958891
2024-04-27 20:00:00,0.010376550135056957,0.03,0.040376550135056956
2024-04-28 00:00:00,-0.00044045618914404937,-0.02254123349662207,0.02298168968576612
2024-04-28 04:00:00,-1.094786563961563e-05,-0.022335547738184074,0.02234649560382369
2024-04-28 08:00:00,0.009435895583190277,-0.03,0.03943589558319027
2024-04-28 12:00:00,0.011423833873842744,-0.03,0.04142383387384274
2024-04-28 16:00:00,0.0028158782420445103,-0.019896841682055418,0.022712719924099928
2024-04-28 20:00:00,0.0,0.0,0.0
2024-04-29 00:00:00,-0.026915248389634824,0.03,0.056915248389634826
2024-04-29 04:00:00,-0.02184217328456571,0.03,0.05184217328456571
2024-04-29 08:00:00,-0.01983306923221427,0.03,0.04983306923221427
2024-04-29 12:00:00,0.0019227734315798387,0.03,0.031922773431579836
2024-04-29 16:00:00,0.0022931064309115942,0.03,0.03229310643091159
2024-04-29 20:00:00,-0.004457964330550606,0.02319647153883207,0.027654435869382675
2024-04-30 00:00:00,0.009582489005321899,0.03,0.039582489005321894
2024-04-30 04:00:00,0.03,0.03,0.06
2024-04-30 08:00:00,0.021630740848426908,0.03,0.051630740848426906
2024-04-30 12:00:00,0.010700801466103325,0.03,0.040700801466103324
2024-04-30 16:00:00,0.028883618646211508,0.03,0.05888361864621151
2024-04-30 20:00:00,0.029606942256691745,0.011118800286867434,0.04072574254355918
2024-05-01 00:00:00,0.020895860556762874,-0.00862810905777454,0.029523969614537415
2024-05-01 04:00:00,0.03,0.03,0.06
2024-05-01 08:00:00,0.019956007717713824,0.03,0.04995600771771382
2024-05-01 12:00:00,0.02042828931670297,0.03,0.05042828931670297
2024-05-01 16:00:00,0.01732788329200931,0.03,0.04732788329200931
2024-05-01 20:00:00,0.02514049215915068,0.03,0.05514049215915068
2024-05-02 00:00:00,0.027197820349069014,0.03,0.05719782034906901
2024-05-02 04:00:00,0.013593319190534917,0.019512335265651277,0.0331056544561862
2024-05-02 08:00:00,0.03,-0.0147697328381531,0.044769732838153095
2024-05-02 12:00:00,0.03,-0.014098671103618721,0.04409867110361872
2024-05-02 16:00:00,0.03,0.0,0.03
2024-05-02 20:00:00,0.0,0.0,0.0
2024-05-03 00:00:00,0.0,0.0,0.0
2024-05-03 04:00:00,0.0,0.0,0.0
2024-05-03 08:00:00,0.0,0.0,0.0
2024-05-03 12:00:00,-0.03,-0.020357699283546686,0.050357699283546685
2024-05-03 16:00:00,-0.028151021692120737,-0.020671211840600574,0.04882223353272131
2024-05-03 20:00:00,-0.026703994568805435,-0.018588507389825037,0.04529250195863047
2024-05-04 00:00:00,-0.015054221717802053,-0.009717130715734297,0.02477135243353635
2024-05-04 04:00:00,-0.015065841615352174,-0.009655375992633119,0.02472121760798529
2024-05-04 08:00:00,-0.015807956180328337,-0.008376669173514652,0.02418462535384299
2024-05-04 12:00:00,-0.002832640362570662,-0.007807153311110398,0.01063979367368106
2024-05-04 16:00:00,0.013752402869491644,-0.009845533520046374,0.02359793638953802
2024-05-04 20:00:00,0.0018129713046438319,-0.009848795809426197,0.011661767114070028
2024-05-05 00:00:00,0.0,0.0,0.0
2024-05-05 04:00:00,-0.012174521984769258,0.0,0.012174521984769258
2024-05-05 08:00:00,0.0,0.0,0.0
2024-05-05 12:00:00,-0.0018229244219660882,0.013607161185291265,0.015430085607257353
2024-05-05 16:00:00,-0.0016677941532186689,0.013204735679892964,0.014872529833111632
2024-05-05 20:00:00,0.0,0.0,0.0
2024-05-06 00:00:00,0.0,0.0,0.0
2024-05-06 04:00:00,-0.0017676656868561564,0.01308384914524908,0.014851514832105237
2024-05-06 08:00:00,0.014529143918646235,0.020702371559981173,0.035231515478627407
2024-05-06 12:00:00,0.015365980491156051,0.007454905364321237,0.02282088585547729
2024-05-06 16:00:00,0.0031442985521524776,0.00740908077103041,0.010553379323182888
2024-05-06 20:00:00,0.003102072147295573,0.007420748278315325,0.010522820425610898
2024-05-07 00:00:00,0.002874938679581586,0.007563191170357687,0.010438129849939273
2024-05-07 04:00:00,0.00275156518802156,0.007857384566283751,0.010608949754305312
2024-05-07 08:00:00,0.0028488695327216896,0.007632003361843247,0.010480872894564936
2024-05-07 12:00:00,0.002842044988411654,0.007586836905049296,0.01042888189346095
2024-05-07 16:00:00,0.0030651472508319657,0.007601164525146446,0.010666311775978411
2024-05-07 20:00:00,0.003457651371023657,0.007558874476135511,0.011016525847159168
2024-05-08 00:00:00,0.0036480104583222353,0.007395400744957113,0.011043411203279348
2024-05-08 04:00:00,0.003671280812310734,0.007543186568331939,0.011214467380642672
2024-05-08 08:00:00,0.0,0.0,0.0
2024-05-08 12:00:00,0.0,0.0,0.0
2024-05-08 16:00:00,0.013590496472208962,0.0,0.013590496472208962
2024-05-08 20:00:00,0.013307944300113216,0.0,0.013307944300113216
2024-05-09 00:00:00,0.012830331537022047,0.0,0.012830331537022047
2024-05-09 04:00:00,0.0128528748985145,0.0,0.0128528748985145
2024-05-09 08:00:00,0.013251044117728332,0.0,0.013251044117728332
2024-05-09 12:00:00,0.014471170760920693,0.015273804805974261,0.029744975566894954
2024-05-09 16:00:00,0.026858487204671856,0.014424853253918932,0.04128334045859079
2024-05-09 20:00:00,0.024652327548348472,0.0,0.024652327548348472
2024-05-10 00:00:00,0.024520752522122602,0.0,0.024520752522122602
2024-05-10 04:00:00,0.0,0.0,0.0
2024-05-10 08:00:00,0.0,0.0,0.0
2024-05-10 12:00:00,0.013927949342242825,0.0,0.013927949342242825
2024-05-10 16:00:00,-0.004701767500885687,-0.016699870894729952,0.021401638395615638
2024-05-10 20:00:00,-0.007286999106178329,-0.03,0.03728699910617833
2024-05-11 00:00:00,-0.0024817464688035988,-0.014708524306287675,0.017190270775091273
2024-05-11 04:00:00,0.0,0.0,0.0
2024-05-11 08:00:00,0.0,0.0,0.0
2024-05-11 12:00:00,0.0,0.0,0.0
2024-05-11 16:00:00,0.0,0.0,0.0
2024-05-11 20:00:00,0.0,0.0,0.0
2024-05-12 00:00:00,0.0,0.0,0.0
2024-05-12 04:00:00,0.0,0.0,0.0
2024-05-12 08:00:00,0.0,0.0,0.0
2024-05-12 12:00:00,0.0,0.0,0.0
2024-05-12 16:00:00,-0.005600023192705534,-0.02006520851530304,0.025665231708008576
2024-05-12 20:00:00,-0.005434583759368844,-0.020223256232630202,0.025657839991999047
2024-05-13 00:00:00,-0.03,-0.03,0.06
2024-05-13 04:00:00,-0.016198366236167074,-0.03,0.04619836623616708
2024-05-13 08:00:00,-0.016086840800231202,-0.03,0.046086840800231205
2024-05-13 12:00:00,-0.01486879730750243,-0.03,0.04486879730750243
2024-05-13 16:00:00,-0.017364385650193083,-0.03,0.04736438565019308
2024-05-13 20:00:00,-0.012680821857811043,-0.03,0.04268082185781104
2024-05-14 00:00:00,-0.0022796941001869617,-0.018653669808446138,0.0209333639086331
2024-05-14 04:00:00,0.01776391356898822,0.01660151308364692,0.034365426652635145
2024-05-14 08:00:00,0.011164019692265909,0.03,0.04116401969226591
2024-05-14 12:00:00,-0.02509083326357719,0.03,0.055090833263577194
2024-05-14 16:00:00,-0.02039378930963232,-0.006167303828437533,0.02656109313806985
2024-05-14 20:00:00,-0.02525939894916235,0.020344070521841884,0.04560346947100423
2024-05-15 00:00:00,-0.011878269677156151,0.020243176234300178,0.032121445911456326
2024-05-15 04:00:00,-0.011719089545665244,0.01990188792517463,0.031620977470839876
2024-05-15 08:00:00,-0.02765714947472589,0.007321648349052811,0.034978797823778704
2024-05-15 12:00:00,-0.028412201041823217,0.03,0.058412201041823215
2024-05-15 16:00:00,-0.017812011988031052,0.03,0.04781201198803105
2024-05-15 20:00:00,-0.025381308915853145,0.03,0.05538130891585315
2024-05-16 00:00:00,-0.011243149703661047,0.03,0.041243149703661046
2024-05-16 04:00:00,-0.006284351420575219,0.03,0.03628435142057522
2024-05-16 08:00:00,0.005694993459055221,0.03,0.03569499345905522
2024-05-16 12:00:00,-0.018954115228502565,0.02357727256047062,0.04253138778897318
2024-05-16 16:00:00,0.0031363699626639962,0.03,0.033136369962663996
2024-05-16 20:00:00,0.007959101213930168,0.024006830484728056,0.031965931698658225
2024-05-17 00:00:00,0.007923542247636917,0.023619784761890413,0.03154332700952733
2024-05-17 04:00:00,0.018640779090615768,0.0,0.018640779090615768
2024-05-17 08:00:00,-0.0016528592469512117,-0.007308827976309936,0.008961687223261149
2024-05-17 12:00:00,-0.0008399390639192185,-0.014458901201552035,0.015298840265471254
2024-05-17 16:00:00,-0.01795605644432938,-0.0142881207419495,0.03224417718627888
2024-05-17 20:00:00,-0.012034602564305812,-0.014831313924934373,0.026865916489240187
2024-05-18 00:00:00,0.018609044585856653,-0.03,0.04860904458585665
2024-05-18 04:00:00,0.02046165516992847,-0.02296998649189016,0.04343164166181863
2024-05-18 08:00:00,0.010137468375406498,-0.023198037491323466,0.03333550586672997
2024-05-18 12:00:00,0.010339737132319924,-0.02327026844364917,0.03361000557596909
2024-05-18 16:00:00,0.011043714888377559,-0.012570921578208386,0.023614636466585945
2024-05-18 20:00:00,-0.0055791868897946085,-0.012219871805103092,0.0177990586948977
2024-05-19 00:00:00,-0.005627682592485196,-0.011731468075322455,0.01735915066780765
2024-05-19 04:00:00,0.0,0.0,0.0
2024-05-19 08:00:00,-0.015935802730314932,0.0,0.015935802730314932
2024-05-19 12:00:00,-0.015624033690700869,0.0,0.015624033690700869
2024-05-19 16:00:00,-0.014040392252193237,-0.023556024670810274,0.037596416923003514
2024-05-19 20:00:00,0.000918836952521793,-0.022657025733296872,0.023575862685818665
2024-05-20 00:00:00,0.000852574603987949,-0.022725636728874312,0.02357821133286226
2024-05-20 04:00:00,0.014076146839201395,-0.004434819361847867,0.018510966201049264
2024-05-20 08:00:00,0.013026922924784948,-0.004891727511331712,0.017918650436116658
2024-05-20 12:00:00,-0.0003347667673938631,-0.007028857704207386,0.007363624471601249
2024-05-20 16:00:00,-0.006847192977040735,-0.028359748334361598,0.03520694131140233
2024-05-20 20:00:00,-0.022110589915109096,-0.005014556320891084,0.02712514623600018
2024-05-21 00:00:00,-0.015452948382237534,0.006017479780541126,0.02147042816277866
2024-05-21 04:00:00,0.015517318073906005,0.007063300183257782,0.022580618257163787
2024-05-21 08:00:00,-0.0030109160519692464,-0.003574535575261304,0.0065854516272305505
2024-05-21 12:00:00,0.007759223119353021,-0.014518072904613922,0.02227729602396694
2024-05-21 16:00:00,0.0033804838805221553,0.0013676403714441981,0.004748124251966353
2024-05-21 20:00:00,-0.0011517437550797593,-0.008697702638342268,0.009849446393422027
2024-05-22 00:00:00,-0.0008314216276341675,-0.008633715721281007,0.009465137348915175
2024-05-22 04:00:00,-0.0014648966894799768,-0.008460263971525819,0.009925160661005796
2024-05-22 08:00:00,-0.0017235491626877916,-0.00798019452841341,0.009703743691101201
2024-05-22 12:00:00,-0.006295831504853921,-0.020880971539694308,0.02717680304454823
2024-05-22 16:00:00,-0.004333708340591327,-0.01227752478592496,0.016611233126516287
2024-05-22 20:00:00,-0.00020396784755480173,-0.00277810471069102,0.0029820725582458216
2024-05-23 00:00:00,-0.004141637343046212,-0.01233201353919513,0.016473650882241342
2024-05-23 04:00:00,-0.0004943084229220773,-0.0031193178474991905,0.003613626270421268
2024-05-23 08:00:00,7.190221992314002e-05,0.006175318386592892,0.006247220606516032
2024-05-23 12:00:00,-0.0031648112757457552,0.017914129399853304,0.02107894067559906
2024-05-23 16:00:00,0.006255260502715208,0.016894617758513454,0.023149878261228662
2024-05-23 20:00:00,0.02067464321188451,0.01684144083626898,0.037516084048153486
2024-05-24 00:00:00,0.008489494686833417,0.014596970520908012,0.02308646520774143
2024-05-24 04:00:00,-0.018241801944553295,-0.003221941362073927,0.021463743306627224
2024-05-24 08:00:00,0.020294282754424825,0.014804455086498115,0.03509873784092294
2024-05-24 12:00:00,0.02002125373509303,0.014615939662557816,0.034637193397650846
2024-05-24 16:00:00,0.0027397160996677212,0.00824545678922675,0.010985172888894472
2024-05-24 20:00:00,0.012813060945980968,0.01294557108812462,0.02575863203410559
2024-05-25 00:00:00,0.017591983403505585,0.03,0.04759198340350558
2024-05-25 04:00:00,0.012896698081199089,0.025166507564292548,0.038063205645491635
2024-05-25 08:00:00,0.013103222187750506,0.024972674759999824,0.03807589694775033
2024-05-25 12:00:00,0.013027573706379322,0.025129674022497585,0.03815724772887691
2024-05-25 16:00:00,0.002612408463218525,0.012333492354442428,0.014945900817660953
2024-05-25 20:00:00,0.0025715593876774246,0.0123385515402608,0.014910110927938224
2024-05-26 00:00:00,0.0,0.0,0.0
2024-05-26 04:00:00,0.0,0.0,0.0
2024-05-26 08:00:00,0.007498420642015434,0.004744614835056723,0.012243035477072157
2024-05-26 12:00:00,0.006871291985822267,0.004836080288976106,0.011707372274798372
2024-05-26 16:00:00,0.006732704855388286,0.004881739038221891,0.011614443893610178
2024-05-26 20:00:00,0.006598130981048696,0.0049837199744713805,0.011581850955520077
2024-05-27 00:00:00,0.00599209235454211,0.011535727165055461,0.017527819519597573
2024-05-27 04:00:00,0.006314552437659649,0.005138570011525074,0.011453122449184724
2024-05-27 08:00:00,0.02057835773261149,0.004949844616367945,0.025528202348979435
2024-05-27 12:00:00,0.017232557553348474,-0.00045408941561814447,0.01768664696896662
2024-05-27 16:00:00,0.021211760792734433,0.0004905962325984147,0.02170235702533285
2024-05-27 20:00:00,0.02057657631434835,0.000368315707335011,0.02094489202168336
2024-05-28 00:00:00,0.015479635181630112,-0.004818742829392018,0.02029837801102213
2024-05-28 04:00:00,-0.00229082500656519,-0.005418006385822532,0.007708831392387722
2024-05-28 08:00:00,-0.006937827823886361,-0.010636858909466905,0.017574686733353266
2024-05-28 12:00:00,-0.002012726227104658,-0.0053446073691505395,0.007357333596255197
2024-05-28 16:00:00,-0.0021855419508890047,-0.005478989618407547,0.007664531569296551
2024-05-28 20:00:00,-0.002291632895046012,-0.005230884482657803,0.0075225173777038155
2024-05-29 00:00:00,0.0,0.0,0.0
2024-05-29 04:00:00,0.0,0.0,0.0
2024-05-29 08:00:00,0.0,0.0,0.0
2024-05-29 12:00:00,0.0,0.0,0.0
2024-05-29 16:00:00,0.0,0.0,0.0
2024-05-29 20:00:00,0.0,0.0,0.0
2024-05-30 00:00:00,0.0,0.0,0.0
2024-05-30 04:00:00,-0.029088677071292094,0.0,0.029088677071292094
2024-05-30 08:00:00,-0.02609618155630406,0.009365972385288171,0.03546215394159223
2024-05-30 12:00:00,-0.02547284782860322,0.009225653933497467,0.03469850176210069
2024-05-30 16:00:00,-0.012022675091063126,0.009198921910013353,0.02122159700107648
2024-05-30 20:00:00,-0.01180283961885429,0.009928482467006738,0.021731322085861027
2024-05-31 00:00:00,0.004177851376976051,0.010570002263145178,0.014747853640121229
2024-05-31 04:00:00,0.0,0.0,0.0
2024-05-31 08:00:00,0.0,0.0,0.0
2024-05-31 12:00:00,-0.0027798568323970066,-0.005352778267113314,0.008132635099510321
2024-05-31 16:00:00,0.002037243549972397,-0.00463484087671576,0.006672084426688157
2024-05-31 20:00:00,0.0020933343731509768,-0.004583889934596954,0.006677224307747931
2024-06-01 00:00:00,0.005170093056572297,0.00044549899188445094,0.005615592048456748
2024-06-01 04:00:00,0.005159394292219231,0.00044453783853705804,0.005603932130756289
2024-06-01 08:00:00,0.0,0.0,0.0
2024-06-01 12:00:00,0.0,0.0,0.0
2024-06-01 16:00:00,0.0,0.0,0.0
2024-06-01 20:00:00,0.01899476332474882,0.0,0.01899476332474882
2024-06-02 00:00:00,0.018988590837947125,0.0,0.018988590837947125
2024-06-02 04:00:00,0.018879092248626123,0.0,0.018879092248626123
2024-06-02 08:00:00,0.018882989789939738,0.0,0.018882989789939738
2024-06-02 12:00:00,0.018926670369265902,0.0,0.018926670369265902
2024-06-02 16:00:00,-0.01957255076022401,0.0,0.01957255076022401
2024-06-02 20:00:00,-0.006773369656419124,-0.01346622501040422,0.020239594666823343
2024-06-03 00:00:00,-0.006680955849903036,-0.012338651021775634,0.019019606871678668
2024-06-03 04:00:00,-0.007124904912747194,-0.012290034751834615,0.01941493966458181
2024-06-03 08:00:00,-0.0027746070346722496,0.0,0.0027746070346722496
2024-06-03 12:00:00,-0.0029717467900572912,0.0,0.0029717467900572912
2024-06-03 16:00:00,-0.002452894650084435,0.0,0.002452894650084435
2024-06-03 20:00:00,-0.0029277727455094653,0.0,0.0029277727455094653
2024-06-04 00:00:00,0.014816908695124632,0.0,0.014816908695124632
2024-06-04 04:00:00,0.03,0.0,0.03
2024-06-04 08:00:00,0.03,0.0,0.03
2024-06-04 12:00:00,0.03,0.007184480525120002,0.03718448052512
2024-06-04 16:00:00,0.03,0.005694485808213426,0.035694485808213425
2024-06-04 20:00:00,0.03,0.004082659194540282,0.03408265919454028
2024-06-05 00:00:00,0.017444597782231012,0.004115438795830535,0.021560036578061548
2024-06-05 04:00:00,0.016855969952552938,0.004181389441609243,0.02103735939416218
2024-06-05 08:00:00,0.012478244433729186,0.0,0.012478244433729186
2024-06-05 12:00:00,0.012455122850393895,0.0,0.012455122850393895
2024-06-05 16:00:00,0.03,0.0,0.03
2024-06-05 20:00:00,0.011623051727228398,0.0,0.011623051727228398
2024-06-06 00:00:00,0.011427743655352365,0.0,0.011427743655352365
2024-06-06 04:00:00,0.011397901621190075,0.0,0.011397901621190075
2024-06-06 08:00:00,0.01124010910873308,0.0,0.01124010910873308
2024-06-06 12:00:00,0.011206623547341026,0.0,0.011206623547341026
2024-06-06 16:00:00,-0.0059617432180263195,0.0,0.0059617432180263195
2024-06-06 20:00:00,-0.017211203582672138,0.0,0.017211203582672138
2024-06-07 00:00:00,-0.011051348326139403,0.0,0.011051348326139403
2024-06-07 04:00:00,-0.010639228215116783,0.0,0.010639228215116783
2024-06-07 08:00:00,0.0,0.0,0.0
2024-06-07 12:00:00,0.006834408800203493,0.011065390470936897,0.01789979927114039
2024-06-07 16:00:00,-0.03,-0.029239460837578057,0.059239460837578056
2024-06-07 20:00:00,-0.03,-0.01204869515427812,0.042048695154278115
2024-06-08 00:00:00,-0.007264502145927308,-0.0074588683959173835,0.014723370541844692
2024-06-08 04:00:00,0.010703132175487289,0.0,0.010703132175487289
2024-06-08 08:00:00,-0.03,-0.026710661557063625,0.05671066155706363
2024-06-08 12:00:00,-0.03,-0.015989593425545432,0.04598959342554543
2024-06-08 16:00:00,-0.03,-0.014799229012286018,0.044799229012286015
2024-06-08 20:00:00,-0.03,-0.014805778222300352,0.04480577822230035
2024-06-09 00:00:00,-0.03,-0.007289589552885376,0.037289589552885374
2024-06-09 04:00:00,-0.03,-0.007265858557239532,0.03726585855723953
2024-06-09 08:00:00,-0.017510048845471287,-0.0073995794337326035,0.024909628279203892
2024-06-09 12:00:00,0.01042063793467571,0.0,0.01042063793467571
2024-06-09 16:00:00,-0.010220437858008658,0.0,0.010220437858008658
2024-06-09 20:00:00,-0.010626602315884274,0.0,0.010626602315884274
2024-06-10 00:00:00,-0.03,0.0,0.03
2024-06-10 04:00:00,-0.03,0.0,0.03
2024-06-10 08:00:00,-0.03,0.0,0.03
2024-06-10 12:00:00,-0.025093221864985197,0.004459582264065682,0.02955280412905088
2024-06-10 16:00:00,0.005469643895871289,0.004030957454862707,0.009500601350733997
2024-06-10 20:00:00,-0.010216489339945805,0.0,0.010216489339945805
2024-06-11 00:00:00,0.013263069628153226,0.014980912008309788,0.028243981636463016
2024-06-11 04:00:00,0.01164666774592649,0.014293378302396449,0.025940046048322937
2024-06-11 08:00:00,0.03,0.0,0.03
2024-06-11 12:00:00,0.03,0.013756218657202142,0.04375621865720214
2024-06-11 16:00:00,0.03,0.0019313717374313689,0.031931371737431366
2024-06-11 20:00:00,0.0169157443633129,0.0,0.0169157443633129
2024-06-12 00:00:00,0.016976285217548615,0.0,0.016976285217548615
2024-06-12 04:00:00,0.01690303964160777,0.0,0.01690303964160777
2024-06-12 08:00:00,0.01659631468061877,0.0,0.01659631468061877
2024-06-12 12:00:00,0.022931696908608183,0.008173133856147267,0.03110483076475545
2024-06-12 16:00:00,0.03,0.007707299225222046,0.03770729922522204
2024-06-12 20:00:00,0.020659374838123884,0.00769485803385191,0.028354232871975794
2024-06-13 00:00:00,0.01917842308177297,0.008688100262095622,0.02786652334386859
2024-06-13 04:00:00,0.014433028237240034,0.0,0.014433028237240034
2024-06-13 08:00:00,-0.004566912046748195,-0.014963236375435767,0.019530148422183962
2024-06-13 12:00:00,-0.0026263209384127916,0.0,0.0026263209384127916
2024-06-13 16:00:00,-0.0027279281939042374,0.0,0.0027279281939042374
2024-06-13 20:00:00,-0.0033127298787159858,0.0,0.0033127298787159858
2024-06-14 00:00:00,-0.0035522534789467486,0.0,0.0035522534789467486
2024-06-14 04:00:00,0.014215713963638925,0.0,0.014215713963638925
2024-06-14 08:00:00,0.014113172470130516,0.0,0.014113172470130516
2024-06-14 12:00:00,-0.003701675819759751,0.0,0.003701675819759751
2024-06-14 16:00:00,-0.011210006981767613,-0.00611666055149698,0.017326667533264593
2024-06-14 20:00:00,0.013880803308441832,0.0,0.013880803308441832
2024-06-15 00:00:00,0.0,0.0,0.0
2024-06-15 04:00:00,0.0,0.0,0.0
2024-06-15 08:00:00,0.0,0.0,0.0
2024-06-15 12:00:00,0.007633581935608033,0.006426470756508605,0.014060052692116638
2024-06-15 16:00:00,0.00645658702159779,0.0070940552858695435,0.013550642307467334
2024-06-15 20:00:00,0.00600369787763973,0.007542432657388573,0.013546130535028303
2024-06-16 00:00:00,0.005961290358119236,0.007596349745632747,0.013557640103751982
2024-06-16 04:00:00,0.0,0.0,0.0
2024-06-16 08:00:00,0.0,0.0,0.0
2024-06-16 12:00:00,0.018194163693033383,0.0,0.018194163693033383
2024-06-16 16:00:00,0.01819042248506648,0.0,0.01819042248506648
2024-06-16 20:00:00,0.02547194525580039,0.009155859094123319,0.03462780434992371
2024-06-17 00:00:00,0.024536512514425686,0.009484785230852198,0.03402129774527789
2024-06-17 04:00:00,0.03,0.02077140810962365,0.05077140810962365
2024-06-17 08:00:00,0.021537546481537433,0.00013302644228425746,0.021670572923821692
2024-06-17 12:00:00,0.021358913431403292,0.0008284734449737693,0.02218738687637706
2024-06-17 16:00:00,0.0034217510089404437,0.0011420039485811814,0.004563754957521625
2024-06-17 20:00:00,-0.0012052044414726654,-0.014851154425962711,0.016056358867435377
2024-06-18 00:00:00,-0.03,-0.03,0.06
2024-06-18 04:00:00,-0.018532498183139862,-0.016015837915928158,0.03454833609906802
2024-06-18 08:00:00,-0.01356884269996023,-0.0005119202549062844,0.014080762954866514
2024-06-18 12:00:00,0.0029961508993929884,-0.0002767418768643004,0.003272892776257289
2024-06-18 16:00:00,0.0002392329481911825,-5.628970977428205e-05,0.00029552265796546455
2024-06-18 20:00:00,-0.01526065892977067,-0.0003310258084056432,0.015591684738176313
2024-06-19 00:00:00,0.002529073118627042,0.00967634341291744,0.012205416531544482
2024-06-19 04:00:00,0.020373752157374865,0.01340060763014548,0.033774359787520344
2024-06-19 08:00:00,0.014241924217483675,-0.003533164629707923,0.017775088847191596
2024-06-19 12:00:00,0.0,0.0,0.0
2024-06-19 16:00:00,0.013438572577035016,0.0,0.013438572577035016
2024-06-19 20:00:00,0.0,0.0,0.0
2024-06-20 00:00:00,-0.017525490133622344,0.0,0.017525490133622344
2024-06-20 04:00:00,-0.002370907999605704,0.0,0.002370907999605704
2024-06-20 08:00:00,-0.01695394531292477,0.0,0.01695394531292477
2024-06-20 12:00:00,-0.008655929547922233,0.025535555751755742,0.03419148529967798
2024-06-20 16:00:00,-0.014093515218994865,0.011281676270885048,0.025375191489879913
2024-06-20 20:00:00,0.003135401910207379,0.011863126288202039,0.014998528198409418
2024-06-21 00:00:00,0.0,0.0,0.0
2024-06-21 04:00:00,0.004138251007605918,0.014038086036151767,0.018176337043757686
2024-06-21 08:00:00,0.03,0.013554788266138979,0.043554788266138976
2024-06-21 12:00:00,0.02326959725744641,0.013944418414607605,0.03721401567205401
2024-06-21 16:00:00,0.013573008698180325,-0.03,0.04357300869818032
2024-06-21 20:00:00,0.01866409384678482,-0.00455517000867898,0.0232192638554638
2024-06-22 00:00:00,-0.01494099637398817,0.0,0.01494099637398817
2024-06-22 04:00:00,-0.010974129293355693,0.011936900788111594,0.022911030081467287
2024-06-22 08:00:00,-0.00963642464932276,0.011506510131658777,0.02114293478098154
2024-06-22 12:00:00,-0.012603840280520692,0.0,0.012603840280520692
2024-06-22 16:00:00,-0.01240279690999511,0.0,0.01240279690999511
2024-06-22 20:00:00,0.0,0.0,0.0
2024-06-23 00:00:00,0.0,0.0,0.0
2024-06-23 04:00:00,0.0,0.0,0.0
2024-06-23 08:00:00,0.0,0.0,0.0
2024-06-23 12:00:00,-0.01254972928869875,0.0,0.01254972928869875
2024-06-23 16:00:00,-0.012441934924804441,0.0,0.012441934924804441
2024-06-23 20:00:00,-0.006087419024500888,0.017393224874218426,0.023480643898719313
2024-06-24 00:00:00,0.005589721527123,0.016806601488622605,0.022396323015745605
2024-06-24 04:00:00,0.005480847540160383,0.016714155672108346,0.022195003212268728
2024-06-24 08:00:00,0.03,0.03,0.06
2024-06-24 12:00:00,0.03,0.03,0.06
2024-06-24 16:00:00,0.03,0.03,0.06
2024-06-24 20:00:00,0.03,0.03,0.06
2024-06-25 00:00:00,0.03,0.03,0.06
2024-06-25 04:00:00,0.026270638802612586,0.03,0.056270638802612585
2024-06-25 08:00:00,0.025419907415569105,0.03,0.055419907415569104
2024-06-25 12:00:00,0.015301773843084576,0.03,0.04530177384308458
2024-06-25 16:00:00,0.0005910399357430627,0.01714522302367728,0.017736262959420344
2024-06-25 20:00:00,0.0,0.0,0.0
2024-06-26 00:00:00,0.0,0.0,0.0
2024-06-26 04:00:00,0.010036480433986366,0.0,0.010036480433986366
2024-06-26 08:00:00,0.0097954389373957,0.0,0.0097954389373957
2024-06-26 12:00:00,0.0,0.0,0.0
2024-06-26 16:00:00,0.02669465803585857,0.0,0.02669465803585857
2024-06-26 20:00:00,0.006308466414077402,0.03,0.0363084664140774
2024-06-27 00:00:00,0.007068246183190549,0.029710353736983844,0.03677859992017439
2024-06-27 04:00:00,0.007029859831417807,0.029443878613125165,0.03647373844454297
2024-06-27 08:00:00,0.009261792871506316,0.01799176792379881,0.027253560795305127
2024-06-27 12:00:00,0.0251127213297105,0.006881881169559012,0.03199460249926951
2024-06-27 16:00:00,0.01395238068055826,0.03,0.04395238068055826
2024-06-27 20:00:00,0.0074256836822258875,0.016421881010421312,0.023847564692647198
2024-06-28 00:00:00,-0.013367187918870187,0.016641640501100945,0.030008828419971132
2024-06-28 04:00:00,-0.012766575483285553,0.0,0.012766575483285553
2024-06-28 08:00:00,-0.013939883338079405,-0.016423808739754915,0.03036369207783432
2024-06-28 12:00:00,-0.014669115664984793,0.0023998440243138026,0.017068959689298596
2024-06-28 16:00:00,0.01619859839108976,0.01790866063309589,0.034107259024185654
2024-06-28 20:00:00,0.012226129515700726,-0.03,0.042226129515700726
2024-06-29 00:00:00,-0.002642242654363255,-0.0164306279529367,0.019072870607299956
2024-06-29 04:00:00,-0.0028814900121101623,-0.016072985258128093,0.018954475270238254
2024-06-29 08:00:00,-0.0018888097160960843,-0.03,0.03188880971609608
2024-06-29 12:00:00,-0.0018362407479826418,-0.03,0.03183624074798264
2024-06-29 16:00:00,0.0015841741847743653,-0.021683006263751768,0.023267180448526135
2024-06-29 20:00:00,0.0016350826222419018,-0.0216086806086055,0.023243763230847404
2024-06-30 00:00:00,0.0017025055930021153,-0.021768375358461753,0.02347088095146387
