date,basis,basis_z,signal,gross_return,transaction_cost,funding_cost,net_return,equity_curve
2023-01-01,-0.00038823790140973813,,0.0,0.0,0.0,0.0,0.0,1.0
2023-01-02,-0.00041213155078345665,,0.0,0.0,0.0,0.0,0.0,1.0
2023-01-03,-0.00047867009807767147,,0.0,0.0,0.0,0.0,0.0,1.0
2023-01-04,-0.0004903174280226352,,0.0,0.0,0.0,0.0,0.0,1.0
2023-01-05,-0.0004783743682583719,,0.0,0.0,0.0,0.0,0.0,1.0
2023-01-06,-0.00040419597269014673,,0.0,0.0,0.0,0.0,0.0,1.0
2023-01-07,-0.00041735451565472204,,0.0,0.0,0.0,0.0,0.0,1.0
2023-01-08,-0.00018276022289143157,,0.0,0.0,0.0,0.0,0.0,1.0
2023-01-09,-0.000498428446826793,,0.0,0.0,0.0,0.0,0.0,1.0
2023-01-10,-0.0006802514554191674,,0.0,0.0,0.0,0.0,0.0,1.0
2023-01-11,-0.00042141690349417615,,0.0,0.0,0.0,0.0,0.0,1.0
2023-01-12,-0.00045748107054421894,,0.0,0.0,0.0,0.0,0.0,1.0
2023-01-13,-0.0002915626751178735,,0.0,0.0,0.0,0.0,0.0,1.0
2023-01-14,0.0003759746519040874,,0.0,0.0,0.0,0.0,0.0,1.0
2023-01-15,0.0005364729904346888,,0.0,0.0,0.0,0.0,0.0,1.0
2023-01-16,0.0001250768457250473,,0.0,0.0,0.0,0.0,0.0,1.0
2023-01-17,-0.00018501996115283248,,0.0,0.0,0.0,0.0,0.0,1.0
2023-01-18,0.00012234790973231213,,0.0,0.0,0.0,0.0,0.0,1.0
2023-01-19,-0.0001561465873169965,,0.0,0.0,0.0,0.0,0.0,1.0
2023-01-20,-0.000269588697968004,,0.0,0.0,0.0,0.0,0.0,1.0
2023-01-21,-7.242329443712947e-05,,0.0,0.0,0.0,0.0,0.0,1.0
2023-01-22,-0.00014445368346649445,,0.0,0.0,0.0,0.0,0.0,1.0
2023-01-23,-0.00014619388608316797,,0.0,0.0,0.0,0.0,0.0,1.0
2023-01-24,-0.000242596767582981,,0.0,0.0,0.0,0.0,0.0,1.0
2023-01-25,-1.4743653398596734e-05,,0.0,0.0,0.0,0.0,0.0,1.0
2023-01-26,-0.0003368719407745857,,0.0,0.0,0.0,0.0,0.0,1.0
2023-01-27,-0.0002670009395586703,,0.0,0.0,0.0,0.0,0.0,1.0
2023-01-28,-0.00029106074469531507,,0.0,0.0,0.0,0.0,0.0,1.0
2023-01-29,-8.424138531459846e-05,,0.0,0.0,0.0,0.0,0.0,1.0
2023-01-30,-0.0002738462600397895,,0.0,0.0,0.0,0.0,0.0,1.0
2023-01-31,-0.00024781309397425844,,0.0,0.0,0.0,0.0,0.0,1.0
2023-02-01,-0.00011208811317331424,,0.0,0.0,0.0,0.0,0.0,1.0
2023-02-02,0.00017708894764467686,,0.0,0.0,0.0,0.0,0.0,1.0
2023-02-03,-0.0003073206360113545,,0.0,0.0,0.0,0.0,0.0,1.0
2023-02-04,-0.00018178138951618905,,0.0,0.0,0.0,0.0,0.0,1.0
2023-02-05,-0.00016178932927957135,,0.0,0.0,0.0,0.0,0.0,1.0
2023-02-06,-0.0002117740212153052,,0.0,0.0,0.0,0.0,0.0,1.0
2023-02-07,-0.0002736981281667994,,0.0,0.0,0.0,0.0,0.0,1.0
2023-02-08,-0.0003092408597158425,,0.0,0.0,0.0,0.0,0.0,1.0
2023-02-09,-0.0001353529214789262,,0.0,0.0,0.0,0.0,0.0,1.0
2023-02-10,-0.00030478364875108355,,0.0,0.0,0.0,0.0,0.0,1.0
2023-02-11,-0.0005147110240049102,,0.0,0.0,0.0,0.0,0.0,1.0
2023-02-12,-0.0005712365129539876,,0.0,0.0,0.0,0.0,0.0,1.0
2023-02-13,-0.00035691179352248525,,0.0,0.0,0.0,0.0,0.0,1.0
2023-02-14,-0.0005605214618302767,,0.0,0.0,0.0,0.0,0.0,1.0
2023-02-15,0.0003514422011381413,,0.0,0.0,0.0,0.0,0.0,1.0
2023-02-16,0.00037751635502303316,,0.0,0.0,0.0,0.0,0.0,1.0
2023-02-17,0.00046916196856372494,,0.0,0.0,0.0,0.0,0.0,1.0
2023-02-18,0.0002009383217451699,,0.0,0.0,0.0,0.0,0.0,1.0
2023-02-19,-0.0002414619917185945,,0.0,0.0,0.0,0.0,0.0,1.0
2023-02-20,0.00030990841850631057,,0.0,0.0,0.0,0.0,0.0,1.0
2023-02-21,-0.0003583147465224812,,0.0,0.0,0.0,0.0,0.0,1.0
2023-02-22,-0.0004512599058532629,,0.0,0.0,0.0,0.0,0.0,1.0
2023-02-23,-0.00047629991082054346,,0.0,0.0,0.0,0.0,0.0,1.0
2023-02-24,-0.00041802476790842036,,0.0,0.0,0.0,0.0,0.0,1.0
2023-02-25,-0.0004695132849015238,,0.0,0.0,0.0,0.0,0.0,1.0
2023-02-26,-0.0004055188839480195,,0.0,0.0,0.0,0.0,0.0,1.0
2023-02-27,-0.0005147737844737321,,0.0,0.0,0.0,0.0,0.0,1.0
2023-02-28,-0.0005173848107578038,,0.0,0.0,0.0,0.0,0.0,1.0
2023-03-01,-0.00038815825745786015,,0.0,0.0,0.0,0.0,0.0,1.0
2023-03-02,-0.0003503655644401249,-0.44374489195784034,0.0,0.0,0.0,0.0,0.0,1.0
2023-03-03,-0.0005163641457333057,-1.037057685260937,0.0,0.0,0.0,0.0,0.0,1.0
2023-03-04,-0.0004865464630352534,-0.9199066255444419,0.0,0.0,0.0,0.0,0.0,1.0
2023-03-05,-0.00048339296418475897,-0.9078943319602405,0.0,0.0,0.0,0.0,0.0,1.0
2023-03-06,-0.0005758016187797921,-1.2356437959994195,0.0,0.0,0.0,0.0,0.0,1.0
2023-03-07,-0.0004893538599120006,-0.9183243579839306,0.0,0.0,0.0,0.0,0.0,1.0
2023-03-08,-0.0004626638645284231,-0.816300259160671,0.0,0.0,0.0,0.0,0.0,1.0
2023-03-09,-0.0006838527507131431,-1.585398985700107,0.0,0.0,0.0,0.0,0.0,1.0
2023-03-10,-0.0005157480732211894,-0.9490662694489435,0.0,0.0,0.0,0.0,0.0,1.0
2023-03-11,-0.0004121944080601736,-0.592718177024523,0.0,0.0,0.0,0.0,0.0,1.0
2023-03-12,-0.0004960972797967145,-0.9103490124576799,0.0,0.0,0.0,0.0,0.0,1.0
2023-03-13,0.0002496217331486861,1.6840775067690055,0.0,0.0,0.0,0.0,0.0,1.0
2023-03-14,0.000489940724541782,2.433069743512909,1.0,0.0,5.6e-05,0.0,-5.6e-05,0.999944
2023-03-15,9.634851488726781e-05,0.9998382160356137,1.0,7.87184419309033e-06,0.0,3.968253968253968e-06,3.903590224836362e-06,0.9999479033716239
2023-03-16,-0.0003352725561196479,-0.39812887816291825,0.0,8.632421420138323e-06,5.6e-05,3.968253968253968e-06,-5.133583254811564e-05,0.9998965702134995
2023-03-17,-0.0004063591427296842,-0.6201741310066228,0.0,0.0,0.0,0.0,0.0,0.9998965702134995
2023-03-18,-1.8210708677912635e-05,0.7858113551132593,0.0,0.0,0.0,0.0,0.0,0.9998965702134995
2023-03-19,-0.0006139974806931292,-1.3374692852676384,0.0,0.0,0.0,0.0,0.0,0.9998965702134995
2023-03-20,-0.0004658874653902245,-0.7691567328359953,0.0,0.0,0.0,0.0,0.0,0.9998965702134995
2023-03-21,-0.000511419124448409,-0.9084552708223844,0.0,0.0,0.0,0.0,0.0,0.9998965702134995
2023-03-22,-0.0006302678920508953,-1.3042878556413782,0.0,0.0,0.0,0.0,0.0,0.9998965702134995
2023-03-23,-0.00039979137856249736,-0.4600644868493024,0.0,0.0,0.0,0.0,0.0,0.9998965702134995
2023-03-24,-0.0005672816377479961,-1.0256267988619587,0.0,0.0,0.0,0.0,0.0,0.9998965702134995
2023-03-25,-0.0005700210952870322,-1.0037774272336215,0.0,0.0,0.0,0.0,0.0,0.9998965702134995
2023-03-26,-0.0004917533071147062,-0.7098545552493367,0.0,0.0,0.0,0.0,0.0,0.9998965702134995
2023-03-27,-0.0004760595780179955,-0.631210034692661,0.0,0.0,0.0,0.0,0.0,0.9998965702134995
2023-03-28,-0.00041716527449153773,-0.4202798101217713,0.0,0.0,0.0,0.0,0.0,0.9998965702134995
2023-03-29,-0.000356342099239626,-0.2038320682264918,0.0,0.0,0.0,0.0,0.0,0.9998965702134995
2023-03-30,-0.0004828389740207939,-0.6311106728583521,0.0,0.0,0.0,0.0,0.0,0.9998965702134995
2023-03-31,-0.00036753170550340997,-0.2158420758243097,0.0,0.0,0.0,0.0,0.0,0.9998965702134995
2023-04-01,-0.0003139031527350511,-0.027509037933843943,0.0,0.0,0.0,0.0,0.0,0.9998965702134995
2023-04-02,-0.0003788183433854897,-0.2452796194191758,0.0,0.0,0.0,0.0,0.0,0.9998965702134995
2023-04-03,-0.0005001250416825087,-0.6462344443993016,0.0,0.0,0.0,0.0,0.0,0.9998965702134995
2023-04-04,-0.000364697370034861,-0.14699872191204147,0.0,0.0,0.0,0.0,0.0,0.9998965702134995
2023-04-05,-0.0005684964700201078,-0.8563999306123367,0.0,0.0,0.0,0.0,0.0,0.9998965702134995
2023-04-06,-0.00039317390673865305,-0.21983467627174752,0.0,0.0,0.0,0.0,0.0,0.9998965702134995
2023-04-07,-0.0005602448879020727,-0.7905194894499926,0.0,0.0,0.0,0.0,0.0,0.9998965702134995
2023-04-08,-0.0004826068308787512,-0.4972820220219366,0.0,0.0,0.0,0.0,0.0,0.9998965702134995
2023-04-09,-0.0005071233993572122,-0.569602492461215,0.0,0.0,0.0,0.0,0.0,0.9998965702134995
2023-04-10,-0.0004805904334865829,-0.464742059726089,0.0,0.0,0.0,0.0,0.0,0.9998965702134995
2023-04-11,-0.0005074064222245767,-0.5393238751293961,0.0,0.0,0.0,0.0,0.0,0.9998965702134995
2023-04-12,-0.0004373938691024648,-0.2835714051885875,0.0,0.0,0.0,0.0,0.0,0.9998965702134995
2023-04-13,-0.0003668302516057764,-0.043338616708507166,0.0,0.0,0.0,0.0,0.0,0.9998965702134995
2023-04-14,-0.0004540378669410927,-0.3600404060989674,0.0,0.0,0.0,0.0,0.0,0.9998965702134995
2023-04-15,-0.000485014658170968,-0.46208112130160184,0.0,0.0,0.0,0.0,0.0,0.9998965702134995
2023-04-16,-0.0005957956151725341,-0.8552591098834467,0.0,0.0,0.0,0.0,0.0,0.9998965702134995
2023-04-17,-0.00034902134193259826,0.06641934242560377,0.0,0.0,0.0,0.0,0.0,0.9998965702134995
2023-04-18,-0.000467851206831682,-0.34885467733212483,0.0,0.0,0.0,0.0,0.0,0.9998965702134995
2023-04-19,-6.945384967949053e-05,1.4234716113774526,0.0,0.0,0.0,0.0,0.0,0.9998965702134995
2023-04-20,-0.00048695363658524116,-0.39990249275741513,0.0,0.0,0.0,0.0,0.0,0.9998965702134995
2023-04-21,-0.00037934277302476005,0.11027291067027989,0.0,0.0,0.0,0.0,0.0,0.9998965702134995
2023-04-22,-0.00034697222143265094,0.3442653646305212,0.0,0.0,0.0,0.0,0.0,0.9998965702134995
2023-04-23,-0.0005293057879534047,-0.5804196111345115,0.0,0.0,0.0,0.0,0.0,0.9998965702134995
2023-04-24,-0.0004882888047106348,-0.3651292768720523,0.0,0.0,0.0,0.0,0.0,0.9998965702134995
2023-04-25,-0.0004979899370400886,-0.4129951226470027,0.0,0.0,0.0,0.0,0.0,0.9998965702134995
2023-04-26,-0.0006826120260079449,-1.3368895475333449,0.0,0.0,0.0,0.0,0.0,0.9998965702134995
2023-04-27,-0.0004673200974831815,-0.2297938338217077,0.0,0.0,0.0,0.0,0.0,0.9998965702134995
2023-04-28,-0.0003992377001651448,0.1138396254740776,0.0,0.0,0.0,0.0,0.0,0.9998965702134995
2023-04-29,-0.0006074279208334588,-0.9322260368039449,0.0,0.0,0.0,0.0,0.0,0.9998965702134995
2023-04-30,-0.000349321316035045,0.3585644508601837,0.0,0.0,0.0,0.0,0.0,0.9998965702134995
2023-05-01,-0.0004939181529088899,-0.36052637012593486,0.0,0.0,0.0,0.0,0.0,0.9998965702134995
2023-05-02,-0.0004661032112238672,-0.2110366299976053,0.0,0.0,0.0,0.0,0.0,0.9998965702134995
2023-05-03,-0.0002673807862869637,0.7693609203395477,0.0,0.0,0.0,0.0,0.0,0.9998965702134995
2023-05-04,-0.0004217524431204822,-0.013738616864781917,0.0,0.0,0.0,0.0,0.0,0.9998965702134995
2023-05-05,-0.0004783285238563195,-0.29834022705572694,0.0,0.0,0.0,0.0,0.0,0.9998965702134995
2023-05-06,-0.000360572759861455,0.27663502653324085,0.0,0.0,0.0,0.0,0.0,0.9998965702134995
2023-05-07,-0.000376432514844538,0.18737677960890414,0.0,0.0,0.0,0.0,0.0,0.9998965702134995
2023-05-08,-0.0003249676190595352,0.4358672181362291,0.0,0.0,0.0,0.0,0.0,0.9998965702134995
2023-05-09,-0.0006542542052496714,-1.2469895876395078,0.0,0.0,0.0,0.0,0.0,0.9998965702134995
2023-05-10,-0.0005744663465439004,-0.8247055178963794,0.0,0.0,0.0,0.0,0.0,0.9998965702134995
2023-05-11,-0.00045322190735141987,-0.205538886389213,0.0,0.0,0.0,0.0,0.0,0.9998965702134995
2023-05-12,-0.0003699133918555475,0.2041869460071084,0.0,0.0,0.0,0.0,0.0,0.9998965702134995
2023-05-13,-0.0004699467642037547,-0.26691926020200446,0.0,0.0,0.0,0.0,0.0,0.9998965702134995
2023-05-14,-0.0005841746803785242,-1.0702132559158342,0.0,0.0,0.0,0.0,0.0,0.9998965702134995
2023-05-15,-0.00035496875616658485,0.7861139184631396,0.0,0.0,0.0,0.0,0.0,0.9998965702134995
2023-05-16,-0.00033445162824108365,0.9632602760745382,0.0,0.0,0.0,0.0,0.0,0.9998965702134995
2023-05-17,-0.0003580199890755864,0.7500485008437464,0.0,0.0,0.0,0.0,0.0,0.9998965702134995
2023-05-18,-0.00044676004620036736,0.06344532201443996,0.0,0.0,0.0,0.0,0.0,0.9998965702134995
2023-05-19,-0.00037804398411545037,0.6969498314341309,0.0,0.0,0.0,0.0,0.0,0.9998965702134995
2023-05-20,-0.0004771928309388329,-0.2668544689114902,0.0,0.0,0.0,0.0,0.0,0.9998965702134995
2023-05-21,-0.0005602033632303716,-1.0678612735047952,0.0,0.0,0.0,0.0,0.0,0.9998965702134995
2023-05-22,-0.0003378688627879711,1.067250809864297,0.0,0.0,0.0,0.0,0.0,0.9998965702134995
2023-05-23,-0.00035679175149816444,0.8663194256641812,0.0,0.0,0.0,0.0,0.0,0.9998965702134995
2023-05-24,-0.0005778567072400875,-1.3102517451773814,0.0,0.0,0.0,0.0,0.0,0.9998965702134995
2023-05-25,-0.00045300336522302587,-0.09594491957741408,0.0,0.0,0.0,0.0,0.0,0.9998965702134995
2023-05-26,-0.0006000469879730019,-1.5311196320419393,0.0,0.0,0.0,0.0,0.0,0.9998965702134995
2023-05-27,-0.0004719171226810204,-0.26123433478492913,0.0,0.0,0.0,0.0,0.0,0.9998965702134995
2023-05-28,-0.0003314285133697581,1.0876361463773745,0.0,0.0,0.0,0.0,0.0,0.9998965702134995
2023-05-29,-0.0005193081777914443,-0.705838298297274,0.0,0.0,0.0,0.0,0.0,0.9998965702134995
2023-05-30,-0.0005164832302924083,-0.6711338276925619,0.0,0.0,0.0,0.0,0.0,0.9998965702134995
2023-05-31,-0.0003400019697732404,1.0253266980888385,0.0,0.0,0.0,0.0,0.0,0.9998965702134995
2023-06-01,-0.0004710645081829057,-0.21451760082825133,0.0,0.0,0.0,0.0,0.0,0.9998965702134995
2023-06-02,-0.0005430473460350527,-0.8889185949092894,0.0,0.0,0.0,0.0,0.0,0.9998965702134995
2023-06-03,-0.0005291541122200982,-0.7456988284578238,0.0,0.0,0.0,0.0,0.0,0.9998965702134995
2023-06-04,-0.0004725402037593085,-0.18100835476125496,0.0,0.0,0.0,0.0,0.0,0.9998965702134995
2023-06-05,-0.0005248537819557697,-0.7018869688679391,0.0,0.0,0.0,0.0,0.0,0.9998965702134995
2023-06-06,-0.00031514237313245985,1.3365615620677411,0.0,0.0,0.0,0.0,0.0,0.9998965702134995
2023-06-07,-0.0005103935837649232,-0.5769729040333403,0.0,0.0,0.0,0.0,0.0,0.9998965702134995
2023-06-08,-0.0004797628681956212,-0.2790760854330858,0.0,0.0,0.0,0.0,0.0,0.9998965702134995
2023-06-09,-0.0003667894312844311,0.7962154782171189,0.0,0.0,0.0,0.0,0.0,0.9998965702134995
2023-06-10,-0.0005655358874072647,-1.117176041268335,0.0,0.0,0.0,0.0,0.0,0.9998965702134995
2023-06-11,-0.0006038338810814281,-1.4610888086891307,0.0,0.0,0.0,0.0,0.0,0.9998965702134995
2023-06-12,-0.0004011583839815813,0.4711165261108328,0.0,0.0,0.0,0.0,0.0,0.9998965702134995
2023-06-13,-0.0006267809220226184,-1.623487661132779,0.0,0.0,0.0,0.0,0.0,0.9998965702134995
2023-06-14,-0.0005055279790013856,-0.4573259038221592,0.0,0.0,0.0,0.0,0.0,0.9998965702134995
2023-06-15,-0.0004841300962663553,-0.25884178085447723,0.0,0.0,0.0,0.0,0.0,0.9998965702134995
2023-06-16,-0.00034167916659022524,1.0352878699231347,0.0,0.0,0.0,0.0,0.0,0.9998965702134995
2023-06-17,-0.0003051339661723773,1.3699010403025562,0.0,0.0,0.0,0.0,0.0,0.9998965702134995
2023-06-18,-0.00038997776633742376,0.5541857496496247,0.0,0.0,0.0,0.0,0.0,0.9998965702134995
2023-06-19,-0.0005906151978418706,-1.3636211194688541,0.0,0.0,0.0,0.0,0.0,0.9998965702134995
2023-06-20,-0.0006145029601363206,-1.565707198324128,0.0,0.0,0.0,0.0,0.0,0.9998965702134995
2023-06-21,-0.00017971941479899556,2.7847106618712285,1.0,0.0,5.6e-05,0.0,-5.6e-05,0.9998405760055676
2023-06-22,-0.0003319950927345161,1.1918103456008458,1.0,3.0455135587104186e-06,0.0,3.968253968253968e-06,-9.227404095435495e-07,0.9998396534122651
2023-06-23,-0.0004921620844466901,-0.33686281938833335,0.0,3.203339834243553e-06,5.6e-05,3.968253968253968e-06,-5.676491413401041e-05,0.9997828976001915
2023-06-24,-0.00010581208079152304,3.2543432960054446,1.0,0.0,5.6e-05,0.0,-5.6e-05,0.9997269097579259
2023-06-25,-0.00015298586749068477,2.5437305647410544,1.0,9.434757339832345e-07,0.0,3.968253968253968e-06,-3.0247782342707336e-06,0.9997238858057291
2023-06-26,-0.0002607054028853639,1.5166747108106753,1.0,2.1543907078935896e-06,0.0,3.968253968253968e-06,-1.8138632603603785e-06,0.9997220724433021
2023-06-27,-0.00030109665886435266,1.1263555817406634,1.0,8.078251195797791e-07,0.0,3.968253968253968e-06,-3.160428848674189e-06,0.9997189128928238
2023-06-28,-0.0003694484469392023,0.5417747817676123,1.0,1.3670357614970104e-06,0.0,3.968253968253968e-06,-2.6012182067569577e-06,0.999716312405786
2023-06-29,-0.00024340087307628266,1.565922362629407,1.0,-2.5209514772584147e-06,0.0,3.968253968253968e-06,-6.489205445512383e-06,0.9997098250412475
2023-06-30,-0.00038731574266037683,0.34787460172939244,0.0,2.878297391681883e-06,5.6e-05,3.968253968253968e-06,-5.7089956576572085e-05,0.9996527516507467
2023-07-01,-0.00040222696934577584,0.21156740793632392,0.0,0.0,0.0,0.0,0.0,0.9996527516507467
2023-07-02,-0.0001414345615184942,2.3418433470393656,1.0,0.0,5.6e-05,0.0,-5.6e-05,0.9995967710966543
2023-07-03,-0.00023112035695405098,1.5408105073161846,1.0,1.7937159087111527e-06,0.0,3.968253968253968e-06,-2.1745380595428153e-06,0.9995945974354314
2023-07-04,-0.00033841217397423407,0.6495741641009035,1.0,2.1458363404036162e-06,0.0,3.968253968253968e-06,-1.8224176278503518e-06,0.9995927757566164
2023-07-05,-0.000538092695759218,-0.9244338428398188,1.0,3.9936104356996696e-06,0.0,3.968253968253968e-06,2.535646744570149e-08,0.999592801102758
2023-07-06,-0.0007036995376381583,-2.1795175658707096,1.0,3.3121368375788095e-06,0.0,3.968253968253968e-06,-6.561171306751586e-07,0.9995921452527976
2023-07-07,-0.0005537920059257573,-0.9407581179440397,1.0,-2.9981506342480094e-06,0.0,3.968253968253968e-06,-6.9664046025019774e-06,0.9995851816894763
2023-07-08,-0.0005063255292423463,-0.5567665083306713,1.0,-9.493295336682233e-07,0.0,3.968253968253968e-06,-4.917583501922191e-06,0.999580266145878
2023-07-09,-0.0004281319567400743,0.0075497225763819,0.0,-1.5638714500454382e-06,5.6e-05,3.968253968253968e-06,-6.153212541829941e-05,0.9995187598475759
2023-07-10,-0.00048249858233972986,-0.4293041146756106,0.0,0.0,0.0,0.0,0.0,0.9995187598475759
2023-07-11,-0.00044748941225769556,-0.1560812651995703,0.0,0.0,0.0,0.0,0.0,0.9995187598475759
2023-07-12,-0.00036543871983063525,0.48492924641068863,0.0,0.0,0.0,0.0,0.0,0.9995187598475759
2023-07-13,-0.00039843596130140213,0.21742277585196204,0.0,0.0,0.0,0.0,0.0,0.9995187598475759
2023-07-14,-0.0006174376665804004,-1.5082785800214324,0.0,0.0,0.0,0.0,0.0,0.9995187598475759
2023-07-15,-0.00043324695489666,-0.04016167418705517,0.0,0.0,0.0,0.0,0.0,0.9995187598475759
2023-07-16,-0.0005025741729394184,-0.5609896114213447,0.0,0.0,0.0,0.0,0.0,0.9995187598475759
2023-07-17,-0.00039492832896037555,0.2856583436133737,0.0,0.0,0.0,0.0,0.0,0.9995187598475759
2023-07-18,-0.00045323043020673026,-0.1694317023013122,0.0,0.0,0.0,0.0,0.0,0.9995187598475759
2023-07-19,-0.00045849232410510865,-0.20050008843482856,0.0,0.0,0.0,0.0,0.0,0.9995187598475759
2023-07-20,-0.0003020590380575783,1.0020625384262152,0.0,0.0,0.0,0.0,0.0,0.9995187598475759
2023-07-21,-0.0003451902192921352,0.6368432322677127,0.0,0.0,0.0,0.0,0.0,0.9995187598475759
2023-07-22,-0.00035248206483018407,0.5819638983954114,0.0,0.0,0.0,0.0,0.0,0.9995187598475759
2023-07-23,-0.0004305576286434132,-0.020607714014646856,0.0,0.0,0.0,0.0,0.0,0.9995187598475759
2023-07-24,-0.0004353765819029576,-0.07757531294560017,0.0,0.0,0.0,0.0,0.0,0.9995187598475759
2023-07-25,-0.00043151526688411934,-0.049770721175327784,0.0,0.0,0.0,0.0,0.0,0.9995187598475759
2023-07-26,-0.0005438935138801781,-0.9639253377042124,0.0,0.0,0.0,0.0,0.0,0.9995187598475759
2023-07-27,-0.00044769622026841205,-0.1904113995281101,0.0,0.0,0.0,0.0,0.0,0.9995187598475759
2023-07-28,-0.0004858904207996062,-0.47808600998879924,0.0,0.0,0.0,0.0,0.0,0.9995187598475759
2023-07-29,-0.0004702514909808997,-0.3597482703219463,0.0,0.0,0.0,0.0,0.0,0.9995187598475759
2023-07-30,-0.0003412340374264744,0.6599656222154151,0.0,0.0,0.0,0.0,0.0,0.9995187598475759
2023-07-31,-0.0003917674149231942,0.25787401582601993,0.0,0.0,0.0,0.0,0.0,0.9995187598475759
2023-08-01,-0.0001612599421179084,2.0839735824831958,1.0,0.0,5.6e-05,0.0,-5.6e-05,0.9994627867970245
2023-08-02,-0.000545272822133569,-0.9988361979483257,1.0,7.68025760031324e-06,0.0,3.968253968253968e-06,3.712003632059272e-06,0.9994664968065191
2023-08-03,-0.0004604802506555927,-0.3385242885227014,0.0,-1.6958514295595246e-06,5.6e-05,3.968253968253968e-06,-6.16641053978135e-05,0.9994048655991185
2023-08-04,-0.00044284051474186015,-0.20368010737872994,0.0,0.0,0.0,0.0,0.0,0.9994048655991185
2023-08-05,-0.0004964748837696931,-0.6332266966270881,0.0,0.0,0.0,0.0,0.0,0.9994048655991185
2023-08-06,-0.00043050448086923154,-0.09606660124330568,0.0,0.0,0.0,0.0,0.0,0.9994048655991185
2023-08-07,-0.0002862339303995043,1.0239701590749164,0.0,0.0,0.0,0.0,0.0,0.9994048655991185
2023-08-08,-0.0003836758409576646,0.23335497562793003,0.0,0.0,0.0,0.0,0.0,0.9994048655991185
2023-08-09,-0.00031071025943596453,0.8043597025706059,0.0,0.0,0.0,0.0,0.0,0.9994048655991185
2023-08-10,-0.0004091719079930556,0.003929510016770431,0.0,0.0,0.0,0.0,0.0,0.9994048655991185
2023-08-11,-0.0003579104796358479,0.38861455519250226,0.0,0.0,0.0,0.0,0.0,0.9994048655991185
2023-08-12,-0.0003218304192191823,0.670996166086648,0.0,0.0,0.0,0.0,0.0,0.9994048655991185
2023-08-13,-0.0003597445238341379,0.33501176223129286,0.0,0.0,0.0,0.0,0.0,0.9994048655991185
2023-08-14,-0.0003884423663080838,0.08036820124860947,0.0,0.0,0.0,0.0,0.0,0.9994048655991185
2023-08-15,-0.0003836352224180217,0.10730002509902099,0.0,0.0,0.0,0.0,0.0,0.9994048655991185
2023-08-16,-0.0005608852175882362,-1.3561007106714933,0.0,0.0,0.0,0.0,0.0,0.9994048655991185
2023-08-17,-0.0005150929676336347,-0.9318785194646145,0.0,0.0,0.0,0.0,0.0,0.9994048655991185
2023-08-18,-0.00045684802535994606,-0.43359645636399735,0.0,0.0,0.0,0.0,0.0,0.9994048655991185
2023-08-19,-0.0004487595094193608,-0.39308549117479263,0.0,0.0,0.0,0.0,0.0,0.9994048655991185
2023-08-20,-0.0005381365747840761,-1.1888326225097707,0.0,0.0,0.0,0.0,0.0,0.9994048655991185
2023-08-21,-0.0004410217688146645,-0.3162008210078025,0.0,0.0,0.0,0.0,0.0,0.9994048655991185
2023-08-22,-0.0004452940933923344,-0.3384328518510713,0.0,0.0,0.0,0.0,0.0,0.9994048655991185
2023-08-23,-0.0005116181321280777,-0.9265457216362017,0.0,0.0,0.0,0.0,0.0,0.9994048655991185
2023-08-24,-0.000590318225402342,-1.6448470709273026,0.0,0.0,0.0,0.0,0.0,0.9994048655991185
2023-08-25,-0.00031893023930429365,0.9593220534571609,0.0,0.0,0.0,0.0,0.0,0.9994048655991185
2023-08-26,-0.0005024829181756729,-0.7877854901841553,0.0,0.0,0.0,0.0,0.0,0.9994048655991185
2023-08-27,-0.0005391892403157073,-1.1162819369990267,0.0,0.0,0.0,0.0,0.0,0.9994048655991185
2023-08-28,-0.0005169789398351554,-0.8667982566282908,0.0,0.0,0.0,0.0,0.0,0.9994048655991185
2023-08-29,-0.0005861076772486484,-1.5202239702229108,0.0,0.0,0.0,0.0,0.0,0.9994048655991185
2023-08-30,-0.0003513438939943825,0.8057795280302614,0.0,0.0,0.0,0.0,0.0,0.9994048655991185
2023-08-31,-0.0004927819878783879,-0.566280591076383,0.0,0.0,0.0,0.0,0.0,0.9994048655991185
2023-09-01,-0.0003662744599406409,0.7584195622245431,0.0,0.0,0.0,0.0,0.0,0.9994048655991185
2023-09-02,-0.0005301080001682834,-0.9426364279558167,0.0,0.0,0.0,0.0,0.0,0.9994048655991185
2023-09-03,-0.0003508345643066235,1.013200550561082,0.0,0.0,0.0,0.0,0.0,0.9994048655991185
2023-09-04,-0.00046553042454711147,-0.2518535100644807,0.0,0.0,0.0,0.0,0.0,0.9994048655991185
2023-09-05,-0.00048088297243786826,-0.4938031559158546,0.0,0.0,0.0,0.0,0.0,0.9994048655991185
2023-09-06,-0.0004873091024233389,-0.5898294889579148,0.0,0.0,0.0,0.0,0.0,0.9994048655991185
2023-09-07,-0.0005448065404856095,-1.2696214044510308,0.0,0.0,0.0,0.0,0.0,0.9994048655991185
2023-09-08,-0.0004130452883739366,0.29498437025400787,0.0,0.0,0.0,0.0,0.0,0.9994048655991185
2023-09-09,-0.00034791533999189994,1.0372606606104149,0.0,0.0,0.0,0.0,0.0,0.9994048655991185
2023-09-10,-0.0005113217623833322,-0.8692022209579661,0.0,0.0,0.0,0.0,0.0,0.9994048655991185
2023-09-11,-0.0004817848073397357,-0.5014858998196479,0.0,0.0,0.0,0.0,0.0,0.9994048655991185
2023-09-12,-0.0005535566152978788,-1.3098403540923065,0.0,0.0,0.0,0.0,0.0,0.9994048655991185
2023-09-13,-0.0004615510868308803,-0.2709495251756352,0.0,0.0,0.0,0.0,0.0,0.9994048655991185
2023-09-14,-0.000468764474804928,-0.34986225587916236,0.0,0.0,0.0,0.0,0.0,0.9994048655991185
2023-09-15,-0.00033464245270664605,1.2210905360778612,0.0,0.0,0.0,0.0,0.0,0.9994048655991185
2023-09-16,-0.0004809197900037532,-0.507495668252161,0.0,0.0,0.0,0.0,0.0,0.9994048655991185
2023-09-17,-0.0005018691998941449,-0.7448247782959094,0.0,0.0,0.0,0.0,0.0,0.9994048655991185
2023-09-18,-0.0004712925556304981,-0.37922231555906843,0.0,0.0,0.0,0.0,0.0,0.9994048655991185
2023-09-19,-0.0005242043958375575,-0.9796747165021555,0.0,0.0,0.0,0.0,0.0,0.9994048655991185
2023-09-20,-0.0006379914917324925,-2.2981264185749986,-1.0,0.0,5.6e-05,0.0,-5.6e-05,0.9993488989266449
2023-09-21,-0.0005828238809506558,-1.5369132494878883,-1.0,1.1033522156367217e-06,0.0,3.968253968253968e-06,-2.8649017526172463e-06,0.999346035890233
2023-09-22,-0.0005057685569447301,-0.6104380584402684,-1.0,1.5411064801185145e-06,0.0,3.968253968253968e-06,-2.4271474881354536e-06,0.9993436103300122
2023-09-23,-0.0004840130875880533,-0.35083320977312227,0.0,4.351093871335366e-07,5.6e-05,3.968253968253968e-06,-5.9533144581120426e-05,0.9992841162623722
2023-09-24,-0.0006089848700376876,-1.7458499966960852,0.0,0.0,0.0,0.0,0.0,0.9992841162623722
2023-09-25,-0.0005441549960671921,-0.9880880027122122,0.0,0.0,0.0,0.0,0.0,0.9992841162623722
2023-09-26,-0.00049093591030136,-0.37888331619993126,0.0,0.0,0.0,0.0,0.0,0.9992841162623722
2023-09-27,-0.0005078453490643398,-0.5632369063448751,0.0,0.0,0.0,0.0,0.0,0.9992841162623722
2023-09-28,-0.00035496701566906097,1.117080023950946,0.0,0.0,0.0,0.0,0.0,0.9992841162623722
2023-09-29,-0.0005970497888601045,-1.5328144677374065,0.0,0.0,0.0,0.0,0.0,0.9992841162623722
2023-09-30,-0.0004325450520816787,0.3049670411078824,0.0,0.0,0.0,0.0,0.0,0.9992841162623722
2023-10-01,-0.00039911409350601446,0.7892231409903366,0.0,0.0,0.0,0.0,0.0,0.9992841162623722
2023-10-02,-0.0006152210833221261,-1.8230377048665942,0.0,0.0,0.0,0.0,0.0,0.9992841162623722
2023-10-03,-0.0005273671191758922,-0.7214478382977615,0.0,0.0,0.0,0.0,0.0,0.9992841162623722
2023-10-04,-0.0006759291176408055,-2.426194680266481,-1.0,0.0,5.6e-05,0.0,-5.6e-05,0.9992281563518616
2023-10-05,-0.00043752106883765407,0.35784024593705555,0.0,4.768160976063038e-06,5.6e-05,3.968253968253968e-06,-5.5200092992190927e-05,0.9991729988647106
2023-10-06,-0.0005296577099045408,-0.6621127325161948,0.0,0.0,0.0,0.0,0.0,0.9991729988647106
2023-10-07,-0.0004890905535752665,-0.17311752675532124,0.0,0.0,0.0,0.0,0.0,0.9991729988647106
2023-10-08,-0.0005679146310022531,-1.066335141483179,0.0,0.0,0.0,0.0,0.0,0.9991729988647106
2023-10-09,-0.0004285060250346362,0.6100446170897085,0.0,0.0,0.0,0.0,0.0,0.9991729988647106
2023-10-10,-0.00032571791510171977,1.8359617726858657,0.0,0.0,0.0,0.0,0.0,0.9991729988647106
2023-10-11,-0.00041012266666307085,0.8188231454387407,0.0,0.0,0.0,0.0,0.0,0.9991729988647106
2023-10-12,-0.0005842594397655887,-1.2393941408735132,0.0,0.0,0.0,0.0,0.0,0.9991729988647106
2023-10-13,-0.00045427634932337924,0.3725067084007275,0.0,0.0,0.0,0.0,0.0,0.9991729988647106
2023-10-14,-0.0006027330287565746,-1.4273063415108056,0.0,0.0,0.0,0.0,0.0,0.9991729988647106
2023-10-15,-0.000528604028041002,-0.473835947660092,0.0,0.0,0.0,0.0,0.0,0.9991729988647106
2023-10-16,-0.0005081853750574794,-0.23223456516373284,0.0,0.0,0.0,0.0,0.0,0.9991729988647106
2023-10-17,-0.0004935026653658525,-0.053648087968536595,0.0,0.0,0.0,0.0,0.0,0.9991729988647106
2023-10-18,-0.0004556122500769533,0.41914786346683874,0.0,0.0,0.0,0.0,0.0,0.9991729988647106
2023-10-19,-0.0005856060571520771,-1.176789813676963,0.0,0.0,0.0,0.0,0.0,0.9991729988647106
2023-10-20,-0.0005407771004133366,-0.6108271600494906,0.0,0.0,0.0,0.0,0.0,0.9991729988647106
2023-10-21,-0.0004815634853923001,0.13092942414872186,0.0,0.0,0.0,0.0,0.0,0.9991729988647106
2023-10-22,-0.00036549196090973624,1.556910989904296,0.0,0.0,0.0,0.0,0.0,0.9991729988647106
2023-10-23,0.0001212506232199928,7.331847448792205,1.0,0.0,5.6e-05,0.0,-5.6e-05,0.9991170451767742
2023-10-24,-0.00016892755951758431,2.717010880852107,1.0,5.803563654751534e-06,0.0,3.968253968253968e-06,1.8353096864975656e-06,0.9991188788659652
2023-10-25,-0.0002420859996963287,1.965411182004825,1.0,1.463168803574901e-06,0.0,3.968253968253968e-06,-2.505085164679067e-06,0.999116375988084
2023-10-26,6.85155520319114e-05,4.400307554365373,1.0,-6.212031034564798e-06,0.0,3.968253968253968e-06,-1.0180285002818767e-05,0.9991062046986255
2023-10-27,3.186540054933573e-05,3.5034859390782676,1.0,7.330030296515296e-07,0.0,3.968253968253968e-06,-3.2352509386024385e-06,0.9991029723393391
2023-10-28,0.00016430092925645567,3.9953089375550817,1.0,-2.6487105741423923e-06,0.0,3.968253968253968e-06,-6.6169645423963604e-06,0.9990963613103969
2023-10-29,7.848874132143635e-05,3.002471457108327,1.0,1.716243758700367e-06,0.0,3.968253968253968e-06,-2.252010209553601e-06,0.999094111335191
2023-10-30,0.0002630566531021117,3.7634094491268315,1.0,-3.6913582356135087e-06,0.0,3.968253968253968e-06,-7.659612203867478e-06,0.9990864586617431
2023-10-31,0.0003356849107678528,3.6807676465547163,1.0,-1.4525651533148248e-06,0.0,3.968253968253968e-06,-5.420819121568793e-06,0.9990810427947638
2023-11-01,0.0004507554039605566,3.780132661444519,1.0,-2.3014098638540824e-06,0.0,3.968253968253968e-06,-6.2696638321080505e-06,0.9990747788924845
2023-11-02,-4.26435021871896e-05,1.3853117014570877,1.0,9.86797812295491e-06,0.0,3.968253968253968e-06,5.899724154700942e-06,0.99908067315809
2023-11-03,-0.0004719292919705964,-0.33119479442124233,0.0,8.585715795668154e-06,5.6e-05,3.968253968253968e-06,-5.138253817258581e-05,0.999029337857264
2023-11-04,0.00021759040246926986,2.3593694453367484,1.0,0.0,5.6e-05,0.0,-5.6e-05,0.998973392214344
2023-11-05,0.00038893517066718175,2.856677848479223,1.0,-3.4268953639582352e-06,0.0,3.968253968253968e-06,-7.395149332212203e-06,0.9989660046569296
2023-11-06,0.00032266582157625123,2.4005632907526135,1.0,1.325386981818611e-06,0.0,3.968253968253968e-06,-2.642866986435357e-06,0.9989633645226553
2023-11-07,0.00020845802993285645,1.868264348534203,1.0,2.284155832867898e-06,0.0,3.968253968253968e-06,-1.6840981353860702e-06,0.9989616821703158
2023-11-08,5.557783972598429e-05,1.2825847533048809,1.0,3.0576038041374616e-06,0.0,3.968253968253968e-06,-9.106501641165065e-07,0.9989607724656959
2023-11-09,0.0005014942098888753,2.684298295008435,1.0,-8.918327403257837e-06,0.0,3.968253968253968e-06,-1.2886581371511806e-05,0.9989478992764146
2023-11-10,0.0007709826846493684,3.3175936908341024,1.0,-5.38976949520986e-06,0.0,3.968253968253968e-06,-9.358023463463829e-06,0.9989385510985344
2023-11-11,0.0008641565387872419,3.2608641679701993,1.0,-1.8634770827574606e-06,0.0,3.968253968253968e-06,-5.831731051011429e-06,0.9989327255575678
2023-11-12,0.0005764020829683858,2.205818896444529,1.0,5.755089116377121e-06,0.0,3.968253968253968e-06,1.786835148123153e-06,0.9989345104856724
2023-11-13,0.0006379788433186206,2.2379402308367777,1.0,-1.2315352070046666e-06,0.0,3.968253968253968e-06,-5.199789175258635e-06,0.998929316236818
2023-11-14,0.00021965909615495605,1.096290383403977,1.0,8.366394943273283e-06,0.0,3.968253968253968e-06,4.398140975019315e-06,0.9989337096687748
2023-11-15,0.0007234915912643913,2.274866451889379,1.0,-1.0076649902188844e-05,0.0,3.968253968253968e-06,-1.4044903870442813e-05,0.9989196797408495
2023-11-16,0.0003453161384179282,1.2686288197041944,1.0,7.563509056929241e-06,0.0,3.968253968253968e-06,3.595255088675273e-06,0.9989232711119114
2023-11-17,0.00021792614683846523,0.9327800254114492,1.0,2.5477998315892396e-06,0.0,3.968253968253968e-06,-1.4204541366647284e-06,0.9989218521872187
2023-11-18,0.0003499706115093204,1.2050942670450675,1.0,-2.6408892934171057e-06,0.0,3.968253968253968e-06,-6.609143261671074e-06,0.9989152501695904
2023-11-19,0.00042924565820356975,1.344376256424648,1.0,-1.5855009338849955e-06,0.0,3.968253968253968e-06,-5.5537549021389636e-06,0.9989097024391229
2023-11-20,0.0003662999792144461,1.155715026847174,1.0,1.2589135797824765e-06,0.0,3.968253968253968e-06,-2.7093403884714916e-06,0.9989069960527216
2023-11-21,-0.0001301087809171264,-0.0021789314765662485,0.0,9.92817520263146e-06,5.6e-05,3.968253968253968e-06,-5.0040078765622505e-05,0.9988570106679596
2023-11-22,0.00013525480716580773,0.5857978516174331,0.0,0.0,0.0,0.0,0.0,0.9988570106679596
2023-11-23,5.36275123863561e-07,0.2574439885112366,0.0,0.0,0.0,0.0,0.0,0.9988570106679596
2023-11-24,-0.00019278739203620887,-0.20794798510223902,0.0,0.0,0.0,0.0,0.0,0.9988570106679596
2023-11-25,-0.0003724820278137031,-0.6402926849993003,0.0,0.0,0.0,0.0,0.0,0.9988570106679596
2023-11-26,-0.00025452248261181865,-0.3725123241900542,0.0,0.0,0.0,0.0,0.0,0.9988570106679596
2023-11-27,-0.00022557299664605068,-0.3170633080115611,0.0,0.0,0.0,0.0,0.0,0.9988570106679596
2023-11-28,-0.00017902719000062461,-0.21350043317241774,0.0,0.0,0.0,0.0,0.0,0.9988570106679596
2023-11-29,-0.0004634587687899483,-0.9092749893854271,0.0,0.0,0.0,0.0,0.0,0.9988570106679596
2023-11-30,-0.00018981781258453623,-0.25681959741189464,0.0,0.0,0.0,0.0,0.0,0.9988570106679596
2023-12-01,-0.000582344631038012,-1.2030373949895232,0.0,0.0,0.0,0.0,0.0,0.9988570106679596
2023-12-02,-0.00038917239243474455,-0.744562786880349,0.0,0.0,0.0,0.0,0.0,0.9988570106679596
2023-12-03,0.00018611176064986523,0.6283658045968514,0.0,0.0,0.0,0.0,0.0,0.9988570106679596
2023-12-04,4.7628006228706e-05,0.26507499899394316,0.0,0.0,0.0,0.0,0.0,0.9988570106679596
2023-12-05,0.00019011963301096557,0.5969937846155068,0.0,0.0,0.0,0.0,0.0,0.9988570106679596
2023-12-06,0.0002766814556203201,0.787280761760161,0.0,0.0,0.0,0.0,0.0,0.9988570106679596
2023-12-07,0.0005281327856856421,1.386833751792531,0.0,0.0,0.0,0.0,0.0,0.9988570106679596
2023-12-08,0.0008714593557286321,2.1973730739940085,1.0,0.0,5.6e-05,0.0,-5.6e-05,0.9988010746753623
2023-12-09,0.00047342475660805405,1.1177484785997742,1.0,7.960691982411555e-06,0.0,3.968253968253968e-06,3.992438014157587e-06,0.9988050623267414
2023-12-10,0.00046781084446045895,1.0672230656018582,1.0,1.1227824295190095e-07,0.0,3.968253968253968e-06,-3.855975725302067e-06,0.9988012109586668
2023-12-11,0.00042654052054480474,0.9327576142721132,1.0,8.254064783129022e-07,0.0,3.968253968253968e-06,-3.142847489941066e-06,0.998798071878788
2023-12-12,0.0005447707862931139,1.1923904293795902,1.0,-2.3646053149661806e-06,0.0,3.968253968253968e-06,-6.332859283220149e-06,0.9987917466311464
2023-12-13,0.0001392516775720054,0.1616542765894387,0.0,8.110382174422183e-06,5.6e-05,3.968253968253968e-06,-5.185787179383178e-05,0.9987399514168009
2023-12-14,0.0002356641708161078,0.3762477184558577,0.0,0.0,0.0,0.0,0.0,0.9987399514168009
2023-12-15,0.0006602446005050666,1.436710942331123,0.0,0.0,0.0,0.0,0.0,0.9987399514168009
2023-12-16,0.0002216035568753938,0.2665714689627701,0.0,0.0,0.0,0.0,0.0,0.9987399514168009
2023-12-17,0.0005279617477231824,1.0443890752518907,0.0,0.0,0.0,0.0,0.0,0.9987399514168009
2023-12-18,0.0003257958882425527,0.4768553186445488,0.0,0.0,0.0,0.0,0.0,0.9987399514168009
2023-12-19,0.0005275835130866824,1.0034176378822866,0.0,0.0,0.0,0.0,0.0,0.9987399514168009
2023-12-20,0.0009148774417475636,2.0657644289192043,1.0,0.0,5.6e-05,0.0,-5.6e-05,0.9986840219795217
2023-12-21,0.0007862522497017466,1.6314291399335914,1.0,2.572503840916337e-06,0.0,3.968253968253968e-06,-1.395750127337631e-06,0.9986826280661708
2023-12-22,0.0006857020484165588,1.297166711452631,1.0,2.0110040257037594e-06,0.0,3.968253968253968e-06,-1.9572499425502087e-06,0.9986806733946544
2023-12-23,0.0005270661388685483,0.8167915875864813,1.0,3.1727181909602104e-06,0.0,3.968253968253968e-06,-7.955357772937577e-07,0.9986798789084487
2023-12-24,0.0003930237178781937,0.417217346299023,0.0,2.680848419807087e-06,5.6e-05,3.968253968253968e-06,-5.728740554844688e-05,0.9986226671292125
2023-12-25,0.0008205255241318099,1.596179143696464,0.0,0.0,0.0,0.0,0.0,0.9986226671292125
2023-12-26,0.0006953767137112266,1.1868885005573377,0.0,0.0,0.0,0.0,0.0,0.9986226671292125
2023-12-27,0.0005743379302050045,0.8155786979051228,0.0,0.0,0.0,0.0,0.0,0.9986226671292125
2023-12-28,0.0008534136946245496,1.5544322359369878,0.0,0.0,0.0,0.0,0.0,0.9986226671292125
2023-12-29,0.0006689476088030943,0.9989827170692763,0.0,0.0,0.0,0.0,0.0,0.9986226671292125
2023-12-30,0.0008046067966027692,1.3337665827156449,0.0,0.0,0.0,0.0,0.0,0.9986226671292125
2023-12-31,0.0007191695391544073,1.0699742275803674,0.0,0.0,0.0,0.0,0.0,0.9986226671292125
2024-01-01,0.0011458013520311283,2.158527385989742,1.0,0.0,5.6e-05,0.0,-5.6e-05,0.9985667442598534
2024-01-02,0.0007314845937660408,0.9995741629924632,1.0,8.286335165301744e-06,0.0,3.968253968253968e-06,4.318081197047776e-06,0.9985710561521357
2024-01-03,9.965606994732923e-05,-0.6641773031706467,1.0,1.2636570476374262e-05,0.0,3.968253968253968e-06,8.668316508120293e-06,0.9985797120821063
2024-01-04,-0.000165354964254405,-1.3437737750197252,1.0,5.300220684034706e-06,0.0,3.968253968253968e-06,1.331966715780738e-06,0.9985810421570459
2024-01-05,6.569222444241518e-06,-0.8617456937951272,1.0,-3.4384837339729304e-06,0.0,3.968253968253968e-06,-7.4067377022268985e-06,0.9985736459291922
2024-01-06,-0.00026431611997779214,-1.5302738636249145,1.0,5.417706848440666e-06,0.0,3.968253968253968e-06,1.4494528801866975e-06,0.9985750933146393
2024-01-07,-0.0002759376890111298,-1.5117359252251716,1.0,2.3243138066675342e-07,0.0,3.968253968253968e-06,-3.7358225875872147e-06,0.9985713628152503
2024-01-08,0.0004612252532520955,0.3329239812019044,0.0,-1.4743258845264454e-05,5.6e-05,3.968253968253968e-06,-7.471151281351843e-05,0.9984967580380821
2024-01-09,8.674531580687983e-05,-0.5845348552577642,0.0,0.0,0.0,0.0,0.0,0.9984967580380821
2024-01-10,0.00019096221545922276,-0.3030269385459203,0.0,0.0,0.0,0.0,0.0,0.9984967580380821
2024-01-11,-2.9349257896882364e-05,-0.8331975777520682,0.0,0.0,0.0,0.0,0.0,0.9984967580380821
2024-01-12,0.00014420667248415953,-0.37114360932398155,0.0,0.0,0.0,0.0,0.0,0.9984967580380821
2024-01-13,-3.710861353134476e-05,-0.8098224001198929,0.0,0.0,0.0,0.0,0.0,0.9984967580380821
2024-01-14,6.110180941121257e-05,-0.5483835546657002,0.0,0.0,0.0,0.0,0.0,0.9984967580380821
2024-01-15,9.17365374348833e-05,-0.4475564886110161,0.0,0.0,0.0,0.0,0.0,0.9984967580380821
2024-01-16,-0.00011475473506195044,-0.958175204312848,0.0,0.0,0.0,0.0,0.0,0.9984967580380821
2024-01-17,0.00017064148382495148,-0.2211790065833479,0.0,0.0,0.0,0.0,0.0,0.9984967580380821
2024-01-18,-0.00010647230641147587,-0.90887774531188,0.0,0.0,0.0,0.0,0.0,0.9984967580380821
2024-01-19,7.609105150230278e-05,-0.42630344342256965,0.0,0.0,0.0,0.0,0.0,0.9984967580380821
2024-01-20,-0.00010169348441380066,-0.8573453203580391,0.0,0.0,0.0,0.0,0.0,0.9984967580380821
2024-01-21,-7.936476443148877e-06,-0.6253603348880984,0.0,0.0,0.0,0.0,0.0,0.9984967580380821
2024-01-22,-2.577872603204412e-05,-0.6621719648728027,0.0,0.0,0.0,0.0,0.0,0.9984967580380821
2024-01-23,-0.00019050579345680774,-1.0705155522765801,0.0,0.0,0.0,0.0,0.0,0.9984967580380821
2024-01-24,-0.00015418473107686737,-0.9803322926653586,0.0,0.0,0.0,0.0,0.0,0.9984967580380821
2024-01-25,-0.00019495863072194197,-1.1037001437326488,0.0,0.0,0.0,0.0,0.0,0.9984967580380821
2024-01-26,-0.0004091837534865306,-1.650554755414571,0.0,0.0,0.0,0.0,0.0,0.9984967580380821
2024-01-27,-0.0004376485637962446,-1.6959587123470274,0.0,0.0,0.0,0.0,0.0,0.9984967580380821
2024-01-28,-0.00023461594120632867,-1.1607915289182311,0.0,0.0,0.0,0.0,0.0,0.9984967580380821
2024-01-29,-0.0003464587333024127,-1.4658475376552542,0.0,0.0,0.0,0.0,0.0,0.9984967580380821
2024-01-30,-0.0005311008587511878,-1.9042752469957107,0.0,0.0,0.0,0.0,0.0,0.9984967580380821
2024-01-31,-0.00045806638065215566,-1.7329573246596233,0.0,0.0,0.0,0.0,0.0,0.9984967580380821
2024-02-01,-0.00024003099625780067,-1.1824643244869504,0.0,0.0,0.0,0.0,0.0,0.9984967580380821
2024-02-02,-0.00041675349634395786,-1.5839192604209287,0.0,0.0,0.0,0.0,0.0,0.9984967580380821
2024-02-03,-0.0004346335315972283,-1.5784269731748348,0.0,0.0,0.0,0.0,0.0,0.9984967580380821
2024-02-04,-0.00029546753489384514,-1.1949191646998403,0.0,0.0,0.0,0.0,0.0,0.9984967580380821
2024-02-05,-0.00037001649103274303,-1.3323688761092274,0.0,0.0,0.0,0.0,0.0,0.9984967580380821
2024-02-06,-0.0004606741589316954,-1.4940593741561605,0.0,0.0,0.0,0.0,0.0,0.9984967580380821
2024-02-07,-0.0005277651973401021,-1.6028722369581239,0.0,0.0,0.0,0.0,0.0,0.9984967580380821
2024-02-08,-0.000431768684707734,-1.320587769188934,0.0,0.0,0.0,0.0,0.0,0.9984967580380821
2024-02-09,-0.00035374429791801276,-1.0985207605908303,0.0,0.0,0.0,0.0,0.0,0.9984967580380821
2024-02-10,-0.0003872912794022909,-1.1378153977793117,0.0,0.0,0.0,0.0,0.0,0.9984967580380821
2024-02-11,7.059793660246783e-05,-0.07839624948538146,0.0,0.0,0.0,0.0,0.0,0.9984967580380821
2024-02-12,0.000527333691566767,0.9432258102963119,0.0,0.0,0.0,0.0,0.0,0.9984967580380821
2024-02-13,-6.418770015059749e-05,-0.38483229346917824,0.0,0.0,0.0,0.0,0.0,0.9984967580380821
2024-02-14,0.0005410237718201927,0.9949925237939334,0.0,0.0,0.0,0.0,0.0,0.9984967580380821
2024-02-15,0.0003565285718316602,0.5649634181669796,0.0,0.0,0.0,0.0,0.0,0.9984967580380821
2024-02-16,0.000469729816176212,0.8273544478347451,0.0,0.0,0.0,0.0,0.0,0.9984967580380821
2024-02-17,0.0007115616677921821,1.3580044186208946,0.0,0.0,0.0,0.0,0.0,0.9984967580380821
2024-02-18,0.0007329823284081272,1.387867162300727,0.0,0.0,0.0,0.0,0.0,0.9984967580380821
2024-02-19,0.0007543306551909268,1.4576836449422979,0.0,0.0,0.0,0.0,0.0,0.9984967580380821
2024-02-20,0.0007379762151096259,1.4248892557810444,0.0,0.0,0.0,0.0,0.0,0.9984967580380821
2024-02-21,0.0005477830973816822,0.9942953669418886,0.0,0.0,0.0,0.0,0.0,0.9984967580380821
2024-02-22,0.0005551369213883106,1.009181146366234,0.0,0.0,0.0,0.0,0.0,0.9984967580380821
2024-02-23,0.0005467115927224597,0.9794029177579299,0.0,0.0,0.0,0.0,0.0,0.9984967580380821
2024-02-24,0.0006567780582216187,1.2506727348430164,0.0,0.0,0.0,0.0,0.0,0.9984967580380821
2024-02-25,0.0006966604545297628,1.3444503161989971,0.0,0.0,0.0,0.0,0.0,0.9984967580380821
2024-02-26,0.0006446577357799299,1.2157602097582867,0.0,0.0,0.0,0.0,0.0,0.9984967580380821
2024-02-27,0.0006512908969593667,1.252972950263829,0.0,0.0,0.0,0.0,0.0,0.9984967580380821
2024-02-28,0.0008933718173427252,1.8044223585496861,0.0,0.0,0.0,0.0,0.0,0.9984967580380821
2024-02-29,0.0011823343125865193,2.443050469994857,1.0,0.0,5.6e-05,0.0,-5.6e-05,0.998440842219632
2024-03-01,0.0006841934755783541,1.2590529740116658,1.0,9.962816740163264e-06,0.0,3.968253968253968e-06,5.994562771909296e-06,0.9984468274359348
2024-03-02,0.0008485237374120658,1.6867767532310127,1.0,-3.28660523667425e-06,0.0,3.968253968253968e-06,-7.254859204928218e-06,0.9984395838447782
2024-03-03,0.0010219137469675843,2.0589817982773746,1.0,-3.4678001911103663e-06,0.0,3.968253968253968e-06,-7.436054159364334e-06,0.9984321593939579
2024-03-04,0.0007424816026162517,1.3520692893158182,1.0,5.588642887026764e-06,0.0,3.968253968253968e-06,1.620388918772796e-06,0.9984337772423652
2024-03-05,0.0003669842557236791,0.5010639633351005,1.0,7.509946937851427e-06,0.0,3.968253968253968e-06,3.5416929695974586e-06,0.9984373133882546
2024-03-06,0.0008178385465349436,1.4503080579848175,1.0,-9.017085816225272e-06,0.0,3.968253968253968e-06,-1.2985339784479241e-05,0.9984243483404868
2024-03-07,0.0007005593765985196,1.149010080532157,1.0,2.3455833987284748e-06,0.0,3.968253968253968e-06,-1.6226705695254933e-06,0.9984227282266808
2024-03-08,0.0008218371125465751,1.366077626611035,1.0,-2.425554718961105e-06,0.0,3.968253968253968e-06,-6.393808687215073e-06,0.9984163445027676
2024-03-09,0.0006852834876713843,1.0527263500011679,1.0,2.731072497503814e-06,0.0,3.968253968253968e-06,-1.237181470750154e-06,0.9984151092805661
2024-03-10,0.0006657114224584149,0.9826173948834694,1.0,3.9144130425938783e-07,0.0,3.968253968253968e-06,-3.5768126639945802e-06,0.9984115381367593
2024-03-11,0.0010496985334160769,1.7437942554844683,1.0,-7.679742219153236e-06,0.0,3.968253968253968e-06,-1.1647996187407205e-05,0.9983999086429697
2024-03-12,0.0007161684025067672,1.001975686551386,1.0,6.670602618186189e-06,0.0,3.968253968253968e-06,2.702348649932221e-06,0.9984026066676149
2024-03-13,0.0007549931442767388,1.0519810724549667,1.0,-7.764948353994024e-07,0.0,3.968253968253968e-06,-4.7447488036533705e-06,0.9983978694980414
2024-03-14,0.0009319229340274404,1.3674031484345672,1.0,-3.538595795014052e-06,0.0,3.968253968253968e-06,-7.50684976326802e-06,0.9983903746752312
2024-03-15,0.0007529554936187566,0.9724429662407273,1.0,3.579348808173616e-06,0.0,3.968253968253968e-06,-3.8890516008035195e-07,0.9983899863960627
2024-03-16,0.0007710581566495733,0.979402254853262,1.0,-3.620532606162484e-07,0.0,3.968253968253968e-06,-4.3303072288702165e-06,0.9983856630606873
2024-03-17,0.0007953734881791519,0.9946265601979224,1.0,-4.863066305916403e-07,0.0,3.968253968253968e-06,-4.454560598845608e-06,0.9983812156912503
2024-03-18,0.0007394101571005507,0.8603428202294201,1.0,1.1192666215720161e-06,0.0,3.968253968253968e-06,-2.848987346681952e-06,0.9983783713157995
2024-03-19,0.0005923582730105181,0.5523790976392116,1.0,2.9410376818006165e-06,0.0,3.968253968253968e-06,-1.0272162864533516e-06,0.9983773457652765
2024-03-20,0.0005288950483262056,0.41471553155364593,0.0,1.2692644936862073e-06,5.6e-05,3.968253968253968e-06,-5.869898947456776e-05,0.9983187420239658
2024-03-21,0.0005895857175115538,0.5122765295394428,0.0,0.0,0.0,0.0,0.0,0.9983187420239658
2024-03-22,0.0004601064594478288,0.24611799117674255,0.0,0.0,0.0,0.0,0.0,0.9983187420239658
2024-03-23,0.0004732431405756188,0.2566781489910538,0.0,0.0,0.0,0.0,0.0,0.9983187420239658
2024-03-24,0.0007571899380209857,0.7874451027017695,0.0,0.0,0.0,0.0,0.0,0.9983187420239658
2024-03-25,0.0005792539831528387,0.4147328607388949,0.0,0.0,0.0,0.0,0.0,0.9983187420239658
2024-03-26,0.0008012449002965383,0.8284976349864173,0.0,0.0,0.0,0.0,0.0,0.9983187420239658
2024-03-27,0.0009008465847166747,0.9995738225557608,0.0,0.0,0.0,0.0,0.0,0.9983187420239658
2024-03-28,0.0008205096799596134,0.8082426266651661,0.0,0.0,0.0,0.0,0.0,0.9983187420239658
2024-03-29,0.0007593335345852381,0.6554261689419233,0.0,0.0,0.0,0.0,0.0,0.9983187420239658
2024-03-30,0.0008607694534283894,0.8412475414157097,0.0,0.0,0.0,0.0,0.0,0.9983187420239658
2024-03-31,0.0011636042924756396,1.4708059288669655,0.0,0.0,0.0,0.0,0.0,0.9983187420239658
2024-04-01,0.0007204890451451007,0.46709319090662677,0.0,0.0,0.0,0.0,0.0,0.9983187420239658
2024-04-02,0.0006308349288595139,0.24064321798534785,0.0,0.0,0.0,0.0,0.0,0.9983187420239658
2024-04-03,0.0001306702277936722,-0.9566545591159296,0.0,0.0,0.0,0.0,0.0,0.9983187420239658
2024-04-04,3.0807936681753745e-05,-1.2580646322521167,0.0,0.0,0.0,0.0,0.0,0.9983187420239658
2024-04-05,7.49006681850517e-05,-1.191240022189949,0.0,0.0,0.0,0.0,0.0,0.9983187420239658
2024-04-06,8.127862898987814e-05,-1.2348954911653012,0.0,0.0,0.0,0.0,0.0,0.9983187420239658
2024-04-07,3.3303756428182396e-05,-1.4487329616661453,0.0,0.0,0.0,0.0,0.0,0.9983187420239658
2024-04-08,0.0008150824186898831,0.6665057737621041,0.0,0.0,0.0,0.0,0.0,0.9983187420239658
2024-04-09,0.0006260152168557909,0.07266569377353768,0.0,0.0,0.0,0.0,0.0,0.9983187420239658
2024-04-10,0.0007164249711184567,0.3256468059222627,0.0,0.0,0.0,0.0,0.0,0.9983187420239658
2024-04-11,0.0007064018332059163,0.25700165071170905,0.0,0.0,0.0,0.0,0.0,0.9983187420239658
2024-04-12,0.00029615743397393146,-1.3557796989757587,0.0,0.0,0.0,0.0,0.0,0.9983187420239658
2024-04-13,0.0002375958068565609,-1.5458301843328033,0.0,0.0,0.0,0.0,0.0,0.9983187420239658
2024-04-14,-0.0006998902003534369,-5.359122935263894,-1.0,0.0,5.6e-05,0.0,-5.6e-05,0.9982628361744125
2024-04-15,-0.0004303985732239113,-3.4611850179695365,-1.0,5.38983254259049e-06,0.0,3.968253968253968e-06,1.4215785743365216e-06,0.998264255283472
2024-04-16,-0.00044512948883834724,-3.180639923271181,-1.0,-2.946183122887197e-07,0.0,3.968253968253968e-06,-4.262872280542688e-06,0.9982599998104494
2024-04-17,-0.00037329064292457304,-2.7034596178485635,-1.0,1.4367769182754321e-06,0.0,3.968253968253968e-06,-2.531477049978536e-06,0.99825747273817
2024-04-18,-0.0003952249067076252,-2.5650142806365728,-1.0,-4.3868527566104376e-07,0.0,3.968253968253968e-06,-4.406939243915012e-06,0.998253073478138
2024-04-19,-0.0004797602325350425,-2.602673501763713,-1.0,-1.6907065165483421e-06,0.0,3.968253968253968e-06,-5.65896048480231e-06,0.9982474244034414
2024-04-20,-0.0006683724609803932,-2.87071833763924,-1.0,-3.7722445689069867e-06,0.0,3.968253968253968e-06,-7.740498537160956e-06,0.9982396974707131
2024-04-21,-0.0004397254674586293,-2.135543591698934,-1.0,4.572939870435277e-06,0.0,3.968253968253968e-06,6.046859021813093e-07,0.9982403010921852
2024-04-22,-0.0006185753025214069,-2.407636595101368,-1.0,-3.5769967012555266e-06,0.0,3.968253968253968e-06,-7.545250669509495e-06,0.998232769118885
2024-04-23,-0.0004171677383517647,-1.8462721747904987,-1.0,4.028151283392846e-06,0.0,3.968253968253968e-06,5.989731513887756e-08,0.9982328289103477
2024-04-24,-0.0006159970053083441,-2.1610751444167686,-1.0,-3.976585339131593e-06,0.0,3.968253968253968e-06,-7.944839307385562e-06,0.9982248981109306
2024-04-25,-0.0003029994330692176,-1.4410897625194032,-1.0,6.25995144478252e-06,0.0,3.968253968253968e-06,2.291697476528552e-06,0.9982271857404106
2024-04-26,-0.00033265680875693704,-1.4444608511933699,-1.0,-5.931475137543711e-07,0.0,3.968253968253968e-06,-4.561401482008339e-06,0.9982226324254462
2024-04-27,-0.0006459495422461714,-1.9767849797055546,-1.0,-6.265854669784687e-06,0.0,3.968253968253968e-06,-1.0234108638038656e-05,0.998212416506581
2024-04-28,-0.0004804807942910827,-1.5798044878013382,-1.0,3.3093749591017773e-06,0.0,3.968253968253968e-06,-6.588790091521908e-07,0.998211758805373
2024-04-29,-0.0003695919809292292,-1.3199252696495085,-1.0,2.217776267237064e-06,0.0,3.968253968253968e-06,-1.7504777010169041e-06,0.9982100114579484
2024-04-30,-0.000342885782830038,-1.2311816890392053,-1.0,5.341239619838581e-07,0.0,3.968253968253968e-06,-3.43413000627011e-06,0.9982065834749955
2024-05-01,-0.000983436031686935,-2.3301221646335333,-1.0,-1.2811004977137893e-05,0.0,3.968253968253968e-06,-1.6779258945391862e-05,0.9981898343082504
2024-05-02,-0.00040492032082184437,-1.2018118478422293,-1.0,1.1570314217301835e-05,0.0,3.968253968253968e-06,7.602060249047867e-06,0.9981974226075108
2024-05-03,-0.00045030962927583573,-1.2412148397495824,-1.0,-9.077861690797839e-07,0.0,3.968253968253968e-06,-4.876040137333752e-06,0.9981925553568132
2024-05-04,-0.0004358299906233043,-1.1740325870312485,-1.0,2.8959277305063954e-07,0.0,3.968253968253968e-06,-3.6786611952033285e-06,0.9981888833445944
2024-05-05,-0.0003750000043929447,-1.0357658675612191,-1.0,1.216599724607191e-06,0.0,3.968253968253968e-06,-2.751654243646777e-06,0.9981861366739175
2024-05-06,-0.00035453022781162247,-0.9671948610248831,-1.0,4.09395531626429e-07,0.0,3.968253968253968e-06,-3.558858436627539e-06,0.9981825842707637
2024-05-07,-0.00025808920399406077,-0.7730613322275697,-1.0,1.928820476351247e-06,0.0,3.968253968253968e-06,-2.039433491902721e-06,0.9981805485437704
2024-05-08,-0.0005742498396283935,-1.282138149261163,-1.0,-6.323212712686685e-06,0.0,3.968253968253968e-06,-1.0291466680940654e-05,0.9981702758019134
2024-05-09,-0.00037915035097491057,-0.9093979251793867,-1.0,3.9019897730696584e-06,0.0,3.968253968253968e-06,-6.626419518430964e-08,0.9981702096589635
2024-05-10,-0.0003600977813764672,-0.8476305338640256,-1.0,3.8105139196884137e-07,0.0,3.968253968253968e-06,-3.5872025762851267e-06,0.9981666290202158
2024-05-11,-0.0002760714248335461,-0.6765497295295769,-1.0,1.6805271308584224e-06,0.0,3.968253968253968e-06,-2.2877268373955457e-06,0.9981643454876303
2024-05-12,-0.0004585984813214594,-0.9650299426837943,-1.0,-3.6505411297582788e-06,0.0,3.968253968253968e-06,-7.618795098012247e-06,0.9981567406780079
2024-05-13,-0.00044464864193827225,-0.9093899968908216,-1.0,2.789967876637347e-07,0.0,3.968253968253968e-06,-3.6892571805902334e-06,0.9981530582210849
2024-05-14,-0.0004384056043189588,-0.8695202322335097,-1.0,1.2486075238625147e-07,0.0,3.968253968253968e-06,-3.843393215867717e-06,0.9981492219263925
2024-05-15,-0.00046985276041588975,-0.89559731981523,-1.0,-6.28943121938532e-07,0.0,3.968253968253968e-06,-4.5971970901925e-06,0.9981446332376939
2024-05-16,-0.00026844936008174614,-0.5099978207870615,-1.0,4.028068006682855e-06,0.0,3.968253968253968e-06,5.981403842888681e-08,0.9981446929407553
2024-05-17,-0.0006566968386216843,-1.1820130712751702,-1.0,-7.764949570798784e-06,0.0,3.968253968253968e-06,-1.1733203539052753e-05,0.9981329815059116
2024-05-18,-0.00045291446744677444,-0.7777563494459393,-1.0,4.075647423498195e-06,0.0,3.968253968253968e-06,1.0739345524422723e-07,0.9981330886988612
2024-05-19,-0.0005223622392165339,-0.8764600812395134,-1.0,-1.388955435395196e-06,0.0,3.968253968253968e-06,-5.357209403649164e-06,0.9981277414908923
2024-05-20,0.0002782109876022787,0.6069487521676679,-1.0,1.60114645363764e-05,0.0,3.968253968253968e-06,1.204321056812243e-05,0.998139762153457
2024-05-21,0.00029162510218050386,0.646306599630834,-1.0,2.682822915645185e-07,0.0,3.968253968253968e-06,-3.6999716766894496e-06,0.9981360690646076
2024-05-22,0.0007584597965131223,1.5131583297534776,-1.0,9.33669388665238e-06,0.0,3.968253968253968e-06,5.368439918398412e-06,0.9981414274981247
2024-05-23,0.0004449525720886527,0.917459415489915,-1.0,-6.270144488489376e-06,0.0,3.968253968253968e-06,-1.0238398456743345e-05,0.9981312081284739
2024-05-24,0.0004974693120214368,1.034595060810619,-1.0,1.0503347986556757e-06,0.0,3.968253968253968e-06,-2.9179191695982924e-06,0.9981282956622879
2024-05-25,0.0003438549171033145,0.7563873980713347,-1.0,-3.0722878983624447e-06,0.0,3.968253968253968e-06,-7.040541866616413e-06,0.998121268298234
2024-05-26,0.0002427170839265358,0.5938666873797351,-1.0,-2.022756663535582e-06,0.0,3.968253968253968e-06,-5.99101063178955e-06,0.9981152885431038
2024-05-27,0.0003624241506603454,0.8617502701855627,-1.0,2.3941413346761854e-06,0.0,3.968253968253968e-06,-1.5741126335777826e-06,0.9981137173972183
2024-05-28,0.0006154683267212135,1.3921746343075727,-1.0,5.060883521217324e-06,0.0,3.968253968253968e-06,1.092629552963356e-06,0.9981148079657632
2024-05-29,0.0005065793354201986,1.1914246873391068,-1.0,-2.17777982602029e-06,0.0,3.968253968253968e-06,-6.146033794274258e-06,0.9981086735184229
2024-05-30,0.0007360626481336396,1.6895229413776862,-1.0,4.589666254268816e-06,0.0,3.968253968253968e-06,6.21412286014848e-07,0.9981092937554155
2024-05-31,0.0005608435031785319,1.3940876018826374,-1.0,-3.50438289910214e-06,0.0,3.968253968253968e-06,-7.472636867356108e-06,0.9981018352471093
2024-06-01,0.0004772581426397693,1.2362211728618666,-1.0,-1.6717072107752572e-06,0.0,3.968253968253968e-06,-5.639961179029225e-06,0.9980962059915057
2024-06-02,0.000594077549827432,1.4990446554780898,-1.0,2.336388143753254e-06,0.0,3.968253968253968e-06,-1.631865824500714e-06,0.9980945772324177
2024-06-03,0.0006029290912863416,1.4770460387647308,-1.0,1.770308291782082e-07,0.0,3.968253968253968e-06,-3.79122313907576e-06,0.9980907932331615
2024-06-04,0.0005975148323464907,1.4210451082256068,-1.0,-1.0828517879699247e-07,0.0,3.968253968253968e-06,-4.0765391470509605e-06,0.9980867244769707
2024-06-05,0.0003557335354322788,0.893195858134851,-1.0,-4.83562593828424e-06,0.0,3.968253968253968e-06,-8.80387990653821e-06,0.998077937441312
2024-06-06,0.00043691599015360794,1.0419048914246483,-1.0,1.6236490944265857e-06,0.0,3.968253968253968e-06,-2.3446048738273824e-06,0.9980755973429154
2024-06-07,0.00030850715937980056,0.7640301872381093,-1.0,-2.5681766154761433e-06,0.0,3.968253968253968e-06,-6.536430583730111e-06,0.9980690734910561
2024-06-08,0.0005198440931000192,1.2285838706755237,-1.0,4.2267386744043735e-06,0.0,3.968253968253968e-06,2.5848470615040546e-07,0.9980693314766472
2024-06-09,0.0002721884571581512,0.731726175565705,-1.0,-4.953112718837361e-06,0.0,3.968253968253968e-06,-8.92136668709133e-06,0.998060427334162
2024-06-10,0.00026887383005913534,0.7540816389564876,-1.0,-6.629254198032083e-08,0.0,3.968253968253968e-06,-4.034546510234289e-06,0.9980564006129479
2024-06-11,9.59632024937207e-05,0.4168478051485428,0.0,-3.4582125513083883e-06,5.6e-05,3.968253968253968e-06,-6.342646651956236e-05,0.9979930974220698
2024-06-12,9.24309930425693e-05,0.41834552606958153,0.0,0.0,0.0,0.0,0.0,0.9979930974220698
2024-06-13,0.0002079965470187517,0.6721778993811269,0.0,0.0,0.0,0.0,0.0,0.9979930974220698
2024-06-14,-6.49588151500069e-05,0.05607808030994471,0.0,0.0,0.0,0.0,0.0,0.9979930974220698
2024-06-15,-0.00021971890414818063,-0.2932429299041583,0.0,0.0,0.0,0.0,0.0,0.9979930974220698
2024-06-16,-0.00034905749955349563,-0.5851446120722661,0.0,0.0,0.0,0.0,0.0,0.9979930974220698
2024-06-17,-0.0004847475696418968,-0.8827478715383208,0.0,0.0,0.0,0.0,0.0,0.9979930974220698
2024-06-18,-0.00038856609473114645,-0.6676598834857107,0.0,0.0,0.0,0.0,0.0,0.9979930974220698
2024-06-19,-0.0006276751355365207,-1.195024561310378,0.0,0.0,0.0,0.0,0.0,0.9979930974220698
2024-06-20,-0.0002465234083697254,-0.36460064792174607,0.0,0.0,0.0,0.0,0.0,0.9979930974220698
2024-06-21,-0.00030498748322038693,-0.5016838174984289,0.0,0.0,0.0,0.0,0.0,0.9979930974220698
2024-06-22,-0.0003425627383606411,-0.6017653357245155,0.0,0.0,0.0,0.0,0.0,0.9979930974220698
2024-06-23,-0.0002390729928443136,-0.375518415216366,0.0,0.0,0.0,0.0,0.0,0.9979930974220698
2024-06-24,-0.0003267895280583133,-0.5913582398517081,0.0,0.0,0.0,0.0,0.0,0.9979930974220698
2024-06-25,-0.00045653229966013953,-0.8819236982187854,0.0,0.0,0.0,0.0,0.0,0.9979930974220698
2024-06-26,-8.034498068809626e-05,-0.031219435216298327,0.0,0.0,0.0,0.0,0.0,0.9979930974220698
2024-06-27,-0.0003966334993990017,-0.7724178729438692,0.0,0.0,0.0,0.0,0.0,0.9979930974220698
2024-06-28,3.24348547628972e-05,0.2007477443689233,0.0,0.0,0.0,0.0,0.0,0.9979930974220698
2024-06-29,-7.01817214956435e-05,-0.048761819560458226,0.0,0.0,0.0,0.0,0.0,0.9979930974220698
2024-06-30,-9.574789348043566e-05,-0.11817732735732374,0.0,0.0,0.0,0.0,0.0,0.9979930974220698
2024-07-01,-0.00026060633335056593,-0.553794658243209,0.0,0.0,0.0,0.0,0.0,0.9979930974220698
2024-07-02,-0.00019105245252681868,-0.3945450589512379,0.0,0.0,0.0,0.0,0.0,0.9979930974220698
2024-07-03,-9.633224927085848e-06,0.0319905297759422,0.0,0.0,0.0,0.0,0.0,0.9979930974220698
2024-07-04,-7.204465088683776e-05,-0.13780940877353356,0.0,0.0,0.0,0.0,0.0,0.9979930974220698
2024-07-05,-0.0004219592305858555,-1.0128615418757034,0.0,0.0,0.0,0.0,0.0,0.9979930974220698
2024-07-06,-0.00024268732794041625,-0.5671296027387215,0.0,0.0,0.0,0.0,0.0,0.9979930974220698
2024-07-07,-0.0004818750350086276,-1.1556976186248031,0.0,0.0,0.0,0.0,0.0,0.9979930974220698
2024-07-08,-0.0004977027646226873,-1.204275355849135,0.0,0.0,0.0,0.0,0.0,0.9979930974220698
2024-07-09,-0.00046177757615417647,-1.104916154114394,0.0,0.0,0.0,0.0,0.0,0.9979930974220698
2024-07-10,-0.00032659680788604817,-0.7655270941812423,0.0,0.0,0.0,0.0,0.0,0.9979930974220698
2024-07-11,-0.0004254488230834852,-1.0038153549633897,0.0,0.0,0.0,0.0,0.0,0.9979930974220698
2024-07-12,-0.00032999565776492545,-0.7731073252218721,0.0,0.0,0.0,0.0,0.0,0.9979930974220698
2024-07-13,-0.000507188760945354,-1.2165476122651164,0.0,0.0,0.0,0.0,0.0,0.9979930974220698
2024-07-14,-0.0005249913520035676,-1.2534186477938922,0.0,0.0,0.0,0.0,0.0,0.9979930974220698
2024-07-15,-0.0006729274622099268,-1.6091134920591839,0.0,0.0,0.0,0.0,0.0,0.9979930974220698
2024-07-16,-0.0005227060050039256,-1.2036360246920115,0.0,0.0,0.0,0.0,0.0,0.9979930974220698
2024-07-17,-0.0005039655200107518,-1.172810340424559,0.0,0.0,0.0,0.0,0.0,0.9979930974220698
2024-07-18,-0.00043799105679198647,-1.0089912579081166,0.0,0.0,0.0,0.0,0.0,0.9979930974220698
2024-07-19,-0.0004816641363643015,-1.1219820890674757,0.0,0.0,0.0,0.0,0.0,0.9979930974220698
2024-07-20,-0.0006609277245868128,-1.5163579910518035,0.0,0.0,0.0,0.0,0.0,0.9979930974220698
2024-07-21,-0.0004011640560914742,-0.8417163306394545,0.0,0.0,0.0,0.0,0.0,0.9979930974220698
2024-07-22,-0.0004859617364854074,-1.0241487884138802,0.0,0.0,0.0,0.0,0.0,0.9979930974220698
2024-07-23,-0.0002974537992077586,-0.5293303799275602,0.0,0.0,0.0,0.0,0.0,0.9979930974220698
2024-07-24,-0.0003855368648526536,-0.7238144275798211,0.0,0.0,0.0,0.0,0.0,0.9979930974220698
2024-07-25,-0.0004096586779720468,-0.7582475902855944,0.0,0.0,0.0,0.0,0.0,0.9979930974220698
2024-07-26,-0.000375431303021756,-0.646606309880226,0.0,0.0,0.0,0.0,0.0,0.9979930974220698
2024-07-27,-0.0003343883045339169,-0.5175749427642611,0.0,0.0,0.0,0.0,0.0,0.9979930974220698
2024-07-28,-0.0005038640676104933,-0.9339515789977632,0.0,0.0,0.0,0.0,0.0,0.9979930974220698
2024-07-29,-0.0005195653770613262,-0.9483403078620525,0.0,0.0,0.0,0.0,0.0,0.9979930974220698
2024-07-30,-0.00043370738125858566,-0.6945956815578512,0.0,0.0,0.0,0.0,0.0,0.9979930974220698
2024-07-31,-0.00040547923712530576,-0.5900960442578425,0.0,0.0,0.0,0.0,0.0,0.9979930974220698
2024-08-01,-0.0003844419807776944,-0.5026957057927327,0.0,0.0,0.0,0.0,0.0,0.9979930974220698
2024-08-02,-0.00023792093965369077,-0.02089572421359842,0.0,0.0,0.0,0.0,0.0,0.9979930974220698
2024-08-03,-0.0002206247214573409,0.08163778773392331,0.0,0.0,0.0,0.0,0.0,0.9979930974220698
2024-08-04,-0.00028373550882321297,-0.0886675260139611,0.0,0.0,0.0,0.0,0.0,0.9979930974220698
2024-08-05,-0.0002908669196965974,-0.07945097639825832,0.0,0.0,0.0,0.0,0.0,0.9979930974220698
2024-08-06,-0.0005501137013563806,-1.0649944206844086,0.0,0.0,0.0,0.0,0.0,0.9979930974220698
2024-08-07,-0.0005671414103005645,-1.1197230088848817,0.0,0.0,0.0,0.0,0.0,0.9979930974220698
2024-08-08,-0.0004246598184423078,-0.5032271855714562,0.0,0.0,0.0,0.0,0.0,0.9979930974220698
2024-08-09,-0.00048320303219107075,-0.7637655267040563,0.0,0.0,0.0,0.0,0.0,0.9979930974220698
2024-08-10,-0.0005518276001446054,-1.1134957139277455,0.0,0.0,0.0,0.0,0.0,0.9979930974220698
2024-08-11,-0.00033201116877812353,0.09194560013744231,0.0,0.0,0.0,0.0,0.0,0.9979930974220698
2024-08-12,-0.00038830291890334934,-0.1831600769294181,0.0,0.0,0.0,0.0,0.0,0.9979930974220698
2024-08-13,-0.0006050967823494346,-1.499068807179933,0.0,0.0,0.0,0.0,0.0,0.9979930974220698
2024-08-14,-0.0006015435594335372,-1.438850648611311,0.0,0.0,0.0,0.0,0.0,0.9979930974220698
2024-08-15,-0.0005225460662590109,-0.8890971740763265,0.0,0.0,0.0,0.0,0.0,0.9979930974220698
2024-08-16,-0.0003346654862870224,0.31074755360190354,0.0,0.0,0.0,0.0,0.0,0.9979930974220698
2024-08-17,-0.00039492104152039076,-0.08238560035080353,0.0,0.0,0.0,0.0,0.0,0.9979930974220698
2024-08-18,-0.0006394598280614616,-1.6167680337718913,0.0,0.0,0.0,0.0,0.0,0.9979930974220698
2024-08-19,-0.0006731910349575543,-1.8236697004087823,0.0,0.0,0.0,0.0,0.0,0.9979930974220698
2024-08-20,-0.0005237434725948731,-0.825629665432591,0.0,0.0,0.0,0.0,0.0,0.9979930974220698
2024-08-21,-0.0005893223887429855,-1.2018041465174247,0.0,0.0,0.0,0.0,0.0,0.9979930974220698
2024-08-22,-0.0004297343780894636,-0.19823614922151472,0.0,0.0,0.0,0.0,0.0,0.9979930974220698
2024-08-23,-0.0002708166074292251,0.7884858646145501,0.0,0.0,0.0,0.0,0.0,0.9979930974220698
2024-08-24,-0.0006316191292619067,-1.4118848341996426,0.0,0.0,0.0,0.0,0.0,0.9979930974220698
2024-08-25,-0.0004641375924183677,-0.37090850893271277,0.0,0.0,0.0,0.0,0.0,0.9979930974220698
2024-08-26,-0.0004202429830328924,-0.0723499813035185,0.0,0.0,0.0,0.0,0.0,0.9979930974220698
2024-08-27,-0.0005134701858189317,-0.645719115753822,0.0,0.0,0.0,0.0,0.0,0.9979930974220698
2024-08-28,-0.0004218733781691242,-0.025395989223616522,0.0,0.0,0.0,0.0,0.0,0.9979930974220698
2024-08-29,-0.0006034603010292017,-1.2413169639339474,0.0,0.0,0.0,0.0,0.0,0.9979930974220698
2024-08-30,-0.00046844751448915645,-0.25802985761103153,0.0,0.0,0.0,0.0,0.0,0.9979930974220698
2024-08-31,-0.0005442862839313278,-0.7851782722523976,0.0,0.0,0.0,0.0,0.0,0.9979930974220698
2024-09-01,-0.0005893342544087687,-1.093282180558957,0.0,0.0,0.0,0.0,0.0,0.9979930974220698
2024-09-02,-0.00033879031884431754,0.9086594386193494,0.0,0.0,0.0,0.0,0.0,0.9979930974220698
2024-09-03,-0.0006234577431758481,-1.4646482607278117,0.0,0.0,0.0,0.0,0.0,0.9979930974220698
2024-09-04,-0.00045032727130234207,0.07589373513542129,0.0,0.0,0.0,0.0,0.0,0.9979930974220698
2024-09-05,-0.0006107240117998458,-1.311961433299474,0.0,0.0,0.0,0.0,0.0,0.9979930974220698
2024-09-06,-0.0006538100329969154,-1.651400361666468,0.0,0.0,0.0,0.0,0.0,0.9979930974220698
2024-09-07,-0.0004794278279636188,-0.10306630128960304,0.0,0.0,0.0,0.0,0.0,0.9979930974220698
2024-09-08,-0.0005532791042206497,-0.7318134205266508,0.0,0.0,0.0,0.0,0.0,0.9979930974220698
2024-09-09,-0.0005611475614575312,-0.773233238022703,0.0,0.0,0.0,0.0,0.0,0.9979930974220698
2024-09-10,-0.00046665763353637146,0.060532084918879334,0.0,0.0,0.0,0.0,0.0,0.9979930974220698
2024-09-11,-0.0005582499011040909,-0.7160549262822409,0.0,0.0,0.0,0.0,0.0,0.9979930974220698
2024-09-12,-0.0006077640493327152,-1.1354346197243284,0.0,0.0,0.0,0.0,0.0,0.9979930974220698
2024-09-13,-0.0006911707351058283,-1.8297044811855916,0.0,0.0,0.0,0.0,0.0,0.9979930974220698
2024-09-14,-0.0004840066574960389,-0.04694675800543524,0.0,0.0,0.0,0.0,0.0,0.9979930974220698
2024-09-15,-0.0005328484256921229,-0.4707361848635589,0.0,0.0,0.0,0.0,0.0,0.9979930974220698
2024-09-16,-0.00046374176858243743,0.12493407252255552,0.0,0.0,0.0,0.0,0.0,0.9979930974220698
2024-09-17,-0.0005471205864004958,-0.5848182295094292,0.0,0.0,0.0,0.0,0.0,0.9979930974220698
2024-09-18,-0.00039985331147462944,0.6828527237979608,0.0,0.0,0.0,0.0,0.0,0.9979930974220698
2024-09-19,-0.00033509463559333597,1.219218319933684,0.0,0.0,0.0,0.0,0.0,0.9979930974220698
2024-09-20,-0.0004011813935704822,0.6302230719621895,0.0,0.0,0.0,0.0,0.0,0.9979930974220698
2024-09-21,-0.00044777925294425813,0.21640100822955718,0.0,0.0,0.0,0.0,0.0,0.9979930974220698
2024-09-22,-0.0003202840172633614,1.357592790183627,0.0,0.0,0.0,0.0,0.0,0.9979930974220698
2024-09-23,-0.0005999590047416348,-1.0867088077082507,0.0,0.0,0.0,0.0,0.0,0.9979930974220698
2024-09-24,-0.00030504459957469976,1.4834644091984568,0.0,0.0,0.0,0.0,0.0,0.9979930974220698
2024-09-25,-0.0005323495947102685,-0.47509789531048285,0.0,0.0,0.0,0.0,0.0,0.9979930974220698
2024-09-26,-0.0005339444276764027,-0.4656863316005319,0.0,0.0,0.0,0.0,0.0,0.9979930974220698
2024-09-27,-0.0003094596987658349,1.4645271844760899,0.0,0.0,0.0,0.0,0.0,0.9979930974220698
2024-09-28,-0.0005376646347716729,-0.5141017424261737,0.0,0.0,0.0,0.0,0.0,0.9979930974220698
2024-09-29,-0.0005170385350048434,-0.3251521642345618,0.0,0.0,0.0,0.0,0.0,0.9979930974220698
2024-09-30,-0.00029201647850207735,1.5907712570416812,0.0,0.0,0.0,0.0,0.0,0.9979930974220698
2024-10-01,-0.00047671303814844634,0.017152633503066436,0.0,0.0,0.0,0.0,0.0,0.9979930974220698
2024-10-02,-0.0004400030811826383,0.36856716514062865,0.0,0.0,0.0,0.0,0.0,0.9979930974220698
2024-10-03,-0.0004199871464329874,0.5987412355020729,0.0,0.0,0.0,0.0,0.0,0.9979930974220698
2024-10-04,-0.0005091009966537996,-0.18892516265106132,0.0,0.0,0.0,0.0,0.0,0.9979930974220698
2024-10-05,-0.0005625353244020914,-0.6691371523529343,0.0,0.0,0.0,0.0,0.0,0.9979930974220698
2024-10-06,-0.0004873846528585801,0.04894075956597889,0.0,0.0,0.0,0.0,0.0,0.9979930974220698
2024-10-07,-0.0005353065320292671,-0.42166862674423927,0.0,0.0,0.0,0.0,0.0,0.9979930974220698
2024-10-08,-0.00046326322699563605,0.28526183956577916,0.0,0.0,0.0,0.0,0.0,0.9979930974220698
2024-10-09,-0.0004886078748551625,0.03926332231760735,0.0,0.0,0.0,0.0,0.0,0.9979930974220698
2024-10-10,-0.0005503252139664738,-0.5632433729933342,0.0,0.0,0.0,0.0,0.0,0.9979930974220698
2024-10-11,-0.0004958056543440392,-0.00500276472685997,0.0,0.0,0.0,0.0,0.0,0.9979930974220698
2024-10-12,-0.0004782318363449889,0.18608091498351742,0.0,0.0,0.0,0.0,0.0,0.9979930974220698
2024-10-13,-0.0004807898154997048,0.14132328358753604,0.0,0.0,0.0,0.0,0.0,0.9979930974220698
2024-10-14,-0.0002889165415282946,2.0531530783176315,1.0,0.0,5.6e-05,0.0,-5.6e-05,0.9979372098086142
2024-10-15,-0.0004479629393046025,0.4001285502229954,0.0,3.1809279555262016e-06,5.6e-05,3.968253968253968e-06,-5.678732601272776e-05,0.9978805396229405
2024-10-16,-0.000414312314426013,0.7598744402506545,0.0,0.0,0.0,0.0,0.0,0.9978805396229405
2024-10-17,-0.0003008382551286104,1.8934445405669238,0.0,0.0,0.0,0.0,0.0,0.9978805396229405
2024-10-18,-0.00029524437532657544,1.873590538396376,0.0,0.0,0.0,0.0,0.0,0.9978805396229405
2024-10-19,-0.0003057005869422369,1.7105449123850804,0.0,0.0,0.0,0.0,0.0,0.9978805396229405
2024-10-20,-0.00017225382142882495,2.9242589367944984,1.0,0.0,5.6e-05,0.0,-5.6e-05,0.9978246583127217
2024-10-21,-0.00012913156074922938,3.0924652708195075,1.0,-8.624452135919244e-07,0.0,3.968253968253968e-06,-4.8306991818458925e-06,0.9978198381219612
2024-10-22,-0.0002907313099527187,1.4640501661386356,1.0,3.231994984069787e-06,0.0,3.968253968253968e-06,-7.362589841841809e-07,0.9978191034681407
2024-10-23,-0.0003217921977789473,1.2093752556595745,1.0,6.212177565245833e-07,0.0,3.968253968253968e-06,-3.3470362117293848e-06,0.9978157637314686
2024-10-24,-0.0003590177734764666,0.8540071136235996,1.0,7.445115139503963e-07,0.0,3.968253968253968e-06,-3.2237424543035717e-06,0.9978125470304295
2024-10-25,-0.0005328389290131241,-0.6431924725080486,1.0,3.4764231107331685e-06,0.0,3.968253968253968e-06,-4.918308575207996e-07,0.9978120562754289
2024-10-26,-0.0003124521135902114,1.2425211895547974,1.0,-4.407736308458256e-06,0.0,3.968253968253968e-06,-8.375990276712225e-06,0.9978036986113475
2024-10-27,-0.00042789619097405307,0.2330051183821031,0.0,2.3088815476768353e-06,5.6e-05,3.968253968253968e-06,-5.765937242057713e-05,0.9977461658762867
2024-10-28,-0.00031750749593761896,1.15984014880228,0.0,0.0,0.0,0.0,0.0,0.9977461658762867
2024-10-29,4.234377758827179e-05,4.148335468513027,1.0,0.0,5.6e-05,0.0,-5.6e-05,0.9976902920909977
2024-10-30,5.8882989703690214e-05,3.7174504746729142,1.0,-3.3078424230837387e-07,0.0,3.968253968253968e-06,-4.299038210562342e-06,0.9976860029823097
2024-10-31,0.00042513575577451945,5.7592041235178915,1.0,-7.325055321416585e-06,0.0,3.968253968253968e-06,-1.1293309289670554e-05,0.9976747358057041
2024-11-01,-7.338577731275109e-06,2.2160516365030856,1.0,8.649486670115887e-06,0.0,3.968253968253968e-06,4.681232701861919e-06,0.9976794061533032
2024-11-02,-0.00011734065721746845,1.529343233522565,1.0,2.200041589723865e-06,0.0,3.968253968253968e-06,-1.768212378530103e-06,0.9976776420442275
2024-11-03,-0.00019616327099747366,1.064597406142422,1.0,1.5764522756000956e-06,0.0,3.968253968253968e-06,-2.3918016926538725e-06,0.9976752557971544
2024-11-04,-0.00023156693755055358,0.8516834268868392,1.0,7.08073331061581e-07,0.0,3.968253968253968e-06,-3.260180637192387e-06,0.9976720031956032
2024-11-05,-0.000272625483837885,0.6110821238175291,1.0,8.211709257466174e-07,0.0,3.968253968253968e-06,-3.1470830425073507e-06,0.99766886343896
2024-11-06,0.0001046629321965753,2.558933103705278,1.0,-7.545768320689266e-06,0.0,3.968253968253968e-06,-1.1514022288943235e-05,0.9976573762574293
2024-11-07,1.9905443869205897e-05,1.9649677503686318,1.0,1.695149766547393e-06,0.0,3.968253968253968e-06,-2.273104201706575e-06,0.9976551084782554
2024-11-08,-0.0003605417787095888,0.023526629894437056,0.0,7.608944451575878e-06,5.6e-05,3.968253968253968e-06,-5.235930951667809e-05,0.9976028719456398
2024-11-09,-3.077874931101121e-05,1.6216670591650495,0.0,0.0,0.0,0.0,0.0,0.9976028719456398
2024-11-10,0.0004974499109025032,4.0932585383630435,1.0,0.0,5.6e-05,0.0,-5.6e-05,0.9975470061848108
2024-11-11,0.0009122947821627037,5.345221609895596,1.0,-8.296897425203679e-06,0.0,3.968253968253968e-06,-1.2265151393457648e-05,0.997534771119758
2024-11-12,0.00022725721277083721,1.9155172908873332,1.0,1.370075138783732e-05,0.0,3.968253968253968e-06,9.732497419583351e-06,0.9975444796243438
2024-11-13,0.0004214869924137332,2.5157891489887354,1.0,-3.884595592857916e-06,0.0,3.968253968253968e-06,-7.852849561111885e-06,0.9975366460576148
2024-11-14,0.0006537755252971067,3.1283989492130253,1.0,-4.645770657667517e-06,0.0,3.968253968253968e-06,-8.614024625921486e-06,0.9975280532523805
2024-11-15,0.0004670888855784483,2.2737763757658804,1.0,3.733732794373155e-06,0.0,3.968253968253968e-06,-2.3452117388081313e-07,0.9975278193109304
2024-11-16,0.0006221920584632556,2.608830244580042,1.0,-3.1020634576961546e-06,0.0,3.968253968253968e-06,-7.070317425950123e-06,0.9975207664726066
2024-11-17,0.0004885514557919635,2.0506314165240407,1.0,2.672812053425836e-06,0.0,3.968253968253968e-06,-1.295441914828132e-06,0.9975194742423947
2024-11-18,0.0004787494783968782,1.9184638600658115,1.0,1.9603954790170628e-07,0.0,3.968253968253968e-06,-3.772214420352262e-06,0.9975157113850494
2024-11-19,0.000271978881992041,1.2695089259377497,1.0,4.135411928096776e-06,0.0,3.968253968253968e-06,1.671579598428083e-07,0.9975158781277407
2024-11-20,1.5272473657290675e-05,0.5405211252409209,1.0,5.134128166695039e-06,0.0,3.968253968253968e-06,1.1658741984410712e-06,0.9975170411057656
2024-11-21,0.0005051760312326792,1.8319226203386436,1.0,-9.798071151507744e-06,0.0,3.968253968253968e-06,-1.3766325119761713e-05,0.9975033089618652
2024-11-22,0.0002972498346061059,1.2070376377117522,1.0,4.158523932531471e-06,0.0,3.968253968253968e-06,1.9026996427750281e-07,0.9975034987567841
2024-11-23,0.0005435063663128403,1.8089658960116908,1.0,-4.925130634134719e-06,0.0,3.968253968253968e-06,-8.893384602388688e-06,0.9974946275745274
2024-11-24,0.0006163572583712806,1.9134568424406546,1.0,-1.4570178411688056e-06,0.0,3.968253968253968e-06,-5.425271809422774e-06,0.9974892158950444
2024-11-25,0.0005803067447747168,1.7366592101257272,1.0,7.210102719312772e-07,0.0,3.968253968253968e-06,-3.247243696322691e-06,0.9974859768044759
2024-11-26,0.0006113490219235018,1.741161550882732,1.0,-6.208455429757009e-07,0.0,3.968253968253968e-06,-4.589099511229669e-06,0.9974813992420674
2024-11-27,0.00043896721701131014,1.2527438937382314,1.0,3.4476360982439117e-06,0.0,3.968253968253968e-06,-5.206178700100564e-07,0.9974808799354259
2024-11-28,0.000527024438765622,1.4213642957184327,1.0,-1.7611444350862384e-06,0.0,3.968253968253968e-06,-5.7293984033402065e-06,0.9974751649700649
2024-11-29,0.0005775061026884742,1.490945983771769,1.0,-1.0096332784570211e-06,0.0,3.968253968253968e-06,-4.977887246710989e-06,0.9974701996511623
2024-11-30,0.0006958619618551154,1.7116147083859026,1.0,-2.367117183332807e-06,0.0,3.968253968253968e-06,-6.335371151586775e-06,0.9974638803072349
2024-12-01,0.0008220096623166029,1.9329472071138991,1.0,-2.5229540092297693e-06,0.0,3.968253968253968e-06,-6.491207977483737e-06,0.9974574055617378
2024-12-02,0.0005203119986507687,1.162606085094628,1.0,6.03395327331669e-06,0.0,3.968253968253968e-06,2.065699305062722e-06,0.9974594660088074
2024-12-03,0.0006634231384587963,1.4459513137252016,1.0,-2.862222796160552e-06,0.0,3.968253968253968e-06,-6.83047676441452e-06,0.9974526528851014
2024-12-04,0.0008362689753038666,1.7826784103083386,1.0,-3.45691673690144e-06,0.0,3.968253968253968e-06,-7.425170705155408e-06,0.9974452466288835
2024-12-05,0.000576136409396355,1.1362983137489082,1.0,5.202651318150179e-06,0.0,3.968253968253968e-06,1.2343973498962108e-06,0.9974464778726525
2024-12-06,0.0006180111244251663,1.1928604457021728,1.0,-8.374943005762248e-07,0.0,3.968253968253968e-06,-4.805748268830193e-06,0.9974416843959683
2024-12-07,0.000673004577169678,1.2785718738174439,1.0,-1.0998690548902367e-06,0.0,3.968253968253968e-06,-5.068123023144205e-06,0.9974366292388033
2024-12-08,0.0008937787478942028,1.7304432823979943,1.0,-4.415483414490476e-06,0.0,3.968253968253968e-06,-8.383737382744445e-06,0.9974282669920478
2024-12-09,0.0007463562302891802,1.338235900227333,1.0,2.94845035210046e-06,0.0,3.968253968253968e-06,-1.0198036161535082e-06,0.9974272498110943
2024-12-10,9.731080561437011e-05,-0.1495628816337954,0.0,1.29809084934962e-05,5.6e-05,3.968253968253968e-06,-4.6987345474757765e-05,0.9973803833523216
2024-12-11,-9.592549069203926e-05,-0.61405110773044,0.0,0.0,0.0,0.0,0.0,0.9973803833523216
2024-12-12,-0.00021891456963807343,-0.9225178340451983,0.0,0.0,0.0,0.0,0.0,0.9973803833523216
2024-12-13,-0.0005162820020281345,-1.6400127011642012,0.0,0.0,0.0,0.0,0.0,0.9973803833523216
2024-12-14,-0.00038461349284091284,-1.3071874898707865,0.0,-0.0,0.0,0.0,-0.0,0.9973803833523216
2024-12-15,-3.436649976862327e-05,-0.5021771457494647,0.0,0.0,0.0,0.0,0.0,0.9973803833523216
2024-12-16,-0.00033439918275490754,-1.229977224280453,0.0,0.0,0.0,0.0,0.0,0.9973803833523216
2024-12-17,-0.000557376788595576,-1.7502866877796297,0.0,0.0,0.0,0.0,0.0,0.9973803833523216
2024-12-18,-0.00022865970530361324,-0.9539644126506138,0.0,0.0,0.0,0.0,0.0,0.9973803833523216
2024-12-19,-0.0002817909402850205,-1.0832875015554078,0.0,0.0,0.0,0.0,0.0,0.9973803833523216
2024-12-20,-0.00041969662195739943,-1.3934137097417074,0.0,0.0,0.0,0.0,0.0,0.9973803833523216
2024-12-21,-0.00031035119122968524,-1.1161769507129904,0.0,0.0,0.0,0.0,0.0,0.9973803833523216
2024-12-22,-0.0003443316162847765,-1.1920627953172291,0.0,0.0,0.0,0.0,0.0,0.9973803833523216
2024-12-23,-0.0002147119655671048,-0.894448101002727,0.0,0.0,0.0,0.0,0.0,0.9973803833523216
2024-12-24,-0.0003687957482085835,-1.2587364078713925,0.0,0.0,0.0,0.0,0.0,0.9973803833523216
2024-12-25,-0.0005019885996073725,-1.585245223978538,0.0,0.0,0.0,0.0,0.0,0.9973803833523216
2024-12-26,-0.00042392658978229747,-1.3832543213167132,0.0,0.0,0.0,0.0,0.0,0.9973803833523216
2024-12-27,-0.0004256516881131489,-1.387657184258296,0.0,0.0,0.0,0.0,0.0,0.9973803833523216
2024-12-28,-0.00042926315907187984,-1.3844839414040022,0.0,0.0,0.0,0.0,0.0,0.9973803833523216
2024-12-29,-0.0004076010176028433,-1.2974902961407564,0.0,0.0,0.0,0.0,0.0,0.9973803833523216
2024-12-30,-0.00035300201631649486,-1.1419577047224436,0.0,0.0,0.0,0.0,0.0,0.9973803833523216
2024-12-31,-0.0002896461153962804,-0.9653203620858042,0.0,0.0,0.0,0.0,0.0,0.9973803833523216
