date,gross_return,transaction_cost,borrow_cost,funding_cost,net_return,gross_leverage,equity_curve,probability
2023-01-02,0.0,0.0,0.0,0.0,0.0,0.0,1.0,
2023-01-03,0.0,0.0,0.0,0.0,0.0,0.0,1.0,
2023-01-04,0.0,0.0,0.0,0.0,0.0,0.0,1.0,
2023-01-05,0.0,0.0,0.0,0.0,0.0,0.0,1.0,
2023-01-06,0.0,0.0,0.0,0.0,0.0,0.0,1.0,
2023-01-07,0.0,0.0,0.0,0.0,0.0,0.0,1.0,
2023-01-08,0.0,0.0,0.0,0.0,0.0,0.0,1.0,
2023-01-09,0.0,0.0,0.0,0.0,0.0,0.0,1.0,
2023-01-10,0.0,0.0,0.0,0.0,0.0,0.0,1.0,
2023-01-11,0.0,0.0,0.0,0.0,0.0,0.0,1.0,
2023-01-12,0.0,0.0,0.0,0.0,0.0,0.0,1.0,
2023-01-13,0.0,0.0,0.0,0.0,0.0,0.0,1.0,
2023-01-14,0.0,0.0,0.0,0.0,0.0,0.0,1.0,
2023-01-15,0.0,0.0,0.0,0.0,0.0,0.0,1.0,
2023-01-16,0.0,0.0,0.0,0.0,0.0,0.0,1.0,
2023-01-17,0.0,0.0,0.0,0.0,0.0,0.0,1.0,
2023-01-18,0.0,0.0,0.0,0.0,0.0,0.0,1.0,
2023-01-19,0.0,0.0,0.0,0.0,0.0,0.0,1.0,
2023-01-20,0.0,0.0,0.0,0.0,0.0,0.0,1.0,
2023-01-21,0.0,0.0,0.0,0.0,0.0,0.0,1.0,
2023-01-22,0.0,0.0,0.0,0.0,0.0,0.0,1.0,
2023-01-23,0.0,0.0,0.0,0.0,0.0,0.0,1.0,
2023-01-24,0.0,0.0,0.0,0.0,0.0,0.0,1.0,
2023-01-25,0.0,0.0,0.0,0.0,0.0,0.0,1.0,
2023-01-26,0.0,0.0,0.0,0.0,0.0,0.0,1.0,
2023-01-27,0.0,0.0,0.0,0.0,0.0,0.0,1.0,
2023-01-28,0.0,0.0,0.0,0.0,0.0,0.0,1.0,
2023-01-29,0.0,0.0,0.0,0.0,0.0,0.0,1.0,
2023-01-30,0.0,0.0,0.0,0.0,0.0,0.0,1.0,
2023-01-31,0.0,0.0,0.0,0.0,0.0,0.0,1.0,
2023-02-01,0.0,0.0,0.0,0.0,0.0,0.0,1.0,
2023-02-02,0.0,0.0,0.0,0.0,0.0,0.0,1.0,
2023-02-03,0.0,0.0,0.0,0.0,0.0,0.0,1.0,
2023-02-04,0.0,0.0,0.0,0.0,0.0,0.0,1.0,
2023-02-05,0.0,0.0,0.0,0.0,0.0,0.0,1.0,
2023-02-06,0.0,0.0,0.0,0.0,0.0,0.0,1.0,
2023-02-07,0.0,0.0,0.0,0.0,0.0,0.0,1.0,
2023-02-08,0.0,0.0,0.0,0.0,0.0,0.0,1.0,
2023-02-09,0.0,0.0,0.0,0.0,0.0,0.0,1.0,
2023-02-10,0.0,0.0,0.0,0.0,0.0,0.0,1.0,
2023-02-11,0.0,0.0,0.0,0.0,0.0,0.0,1.0,
2023-02-12,0.0,0.0,0.0,0.0,0.0,0.0,1.0,
2023-02-13,0.0,0.0,0.0,0.0,0.0,0.0,1.0,
2023-02-14,0.0,0.0,0.0,0.0,0.0,0.0,1.0,
2023-02-15,0.0,0.0,0.0,0.0,0.0,0.0,1.0,
2023-02-16,0.0,0.0,0.0,0.0,0.0,0.0,1.0,
2023-02-17,0.0,0.0,0.0,0.0,0.0,0.0,1.0,
2023-02-18,0.0,0.0,0.0,0.0,0.0,0.0,1.0,
2023-02-19,0.0,0.0,0.0,0.0,0.0,0.0,1.0,
2023-02-20,0.0,0.0,0.0,0.0,0.0,0.0,1.0,
2023-02-21,0.0,0.0,0.0,0.0,0.0,0.0,1.0,
2023-02-22,0.0,0.0,0.0,0.0,0.0,0.0,1.0,
2023-02-23,0.0,0.0,0.0,0.0,0.0,0.0,1.0,
2023-02-24,0.0,0.0,0.0,0.0,0.0,0.0,1.0,
2023-02-25,0.0,0.0,0.0,0.0,0.0,0.0,1.0,
2023-02-26,0.0,0.0,0.0,0.0,0.0,0.0,1.0,
2023-02-27,0.0,0.0,0.0,0.0,0.0,0.0,1.0,
2023-02-28,0.0,0.0,0.0,0.0,0.0,0.0,1.0,
2023-03-01,0.0,0.0,0.0,0.0,0.0,0.0,1.0,
2023-03-02,0.0,0.0,0.0,0.0,0.0,0.0,1.0,
2023-03-03,0.0,0.0,0.0,0.0,0.0,0.0,1.0,
2023-03-04,0.0,0.0,0.0,0.0,0.0,0.0,1.0,
2023-03-05,0.0,0.0,0.0,0.0,0.0,0.0,1.0,
2023-03-06,0.0,0.0,0.0,0.0,0.0,0.0,1.0,
2023-03-07,0.0,0.0,0.0,0.0,0.0,0.0,1.0,
2023-03-08,0.0,0.0,0.0,0.0,0.0,0.0,1.0,
2023-03-09,0.0,0.0,0.0,0.0,0.0,0.0,1.0,
2023-03-10,0.0,0.0,0.0,0.0,0.0,0.0,1.0,
2023-03-11,0.0,0.0,0.0,0.0,0.0,0.0,1.0,
2023-03-12,0.0,0.0,0.0,0.0,0.0,0.0,1.0,
2023-03-13,0.0,0.0,0.0,0.0,0.0,0.0,1.0,
2023-03-14,0.0,0.0,0.0,0.0,0.0,0.0,1.0,
2023-03-15,0.0,0.0,0.0,0.0,0.0,0.0,1.0,
2023-03-16,0.0,0.0,0.0,0.0,0.0,0.0,1.0,
2023-03-17,0.0,0.0,0.0,0.0,0.0,0.0,1.0,
2023-03-18,0.0,0.0,0.0,0.0,0.0,0.0,1.0,
2023-03-19,0.0,0.0,0.0,0.0,0.0,0.0,1.0,
2023-03-20,0.0,0.0,0.0,0.0,0.0,0.0,1.0,
2023-03-21,0.0,0.0,0.0,0.0,0.0,0.0,1.0,
2023-03-22,0.0,0.0,0.0,0.0,0.0,0.0,1.0,
2023-03-23,0.0,0.0,0.0,0.0,0.0,0.0,1.0,
2023-03-24,0.0,0.0,0.0,0.0,0.0,0.0,1.0,
2023-03-25,0.0,0.0,0.0,0.0,0.0,0.0,1.0,
2023-03-26,0.0,0.0,0.0,0.0,0.0,0.0,1.0,
2023-03-27,0.0,0.0,0.0,0.0,0.0,0.0,1.0,
2023-03-28,0.0,0.0,0.0,0.0,0.0,0.0,1.0,
2023-03-29,0.0,0.0,0.0,0.0,0.0,0.0,1.0,
2023-03-30,0.0,0.0,0.0,0.0,0.0,0.0,1.0,
2023-03-31,0.0,0.0,0.0,0.0,0.0,0.0,1.0,
2023-04-01,0.0,0.0,0.0,0.0,0.0,0.0,1.0,
2023-04-02,0.0,0.0,0.0,0.0,0.0,0.0,1.0,
2023-04-03,0.0,0.0,0.0,0.0,0.0,0.0,1.0,
2023-04-04,0.0,0.0,0.0,0.0,0.0,0.0,1.0,
2023-04-05,0.0,0.0,0.0,0.0,0.0,0.0,1.0,
2023-04-06,0.0,0.0,0.0,0.0,0.0,0.0,1.0,
2023-04-07,0.0,0.0,0.0,0.0,0.0,0.0,1.0,
2023-04-08,0.0,0.0,0.0,0.0,0.0,0.0,1.0,
2023-04-09,0.0,0.0,0.0,0.0,0.0,0.0,1.0,
2023-04-10,0.0,0.0,0.0,0.0,0.0,0.0,1.0,
2023-04-11,0.0,0.0,0.0,0.0,0.0,0.0,1.0,
2023-04-12,0.0,0.0,0.0,0.0,0.0,0.0,1.0,
2023-04-13,0.0,0.0,0.0,0.0,0.0,0.0,1.0,
2023-04-14,0.0,0.0,0.0,0.0,0.0,0.0,1.0,
2023-04-15,0.0,0.0,0.0,0.0,0.0,0.0,1.0,
2023-04-16,0.0,0.0,0.0,0.0,0.0,0.0,1.0,
2023-04-17,0.0,0.0,0.0,0.0,0.0,0.0,1.0,
2023-04-18,0.0,0.0,0.0,0.0,0.0,0.0,1.0,
2023-04-19,0.0,0.0,0.0,0.0,0.0,0.0,1.0,
2023-04-20,0.0,0.0,0.0,0.0,0.0,0.0,1.0,
2023-04-21,0.0,0.0,0.0,0.0,0.0,0.0,1.0,
2023-04-22,0.0,0.0,0.0,0.0,0.0,0.0,1.0,
2023-04-23,0.0,0.0,0.0,0.0,0.0,0.0,1.0,
2023-04-24,0.0,0.0,0.0,0.0,0.0,0.0,1.0,
2023-04-25,0.0,0.0,0.0,0.0,0.0,0.0,1.0,
2023-04-26,0.0,0.0,0.0,0.0,0.0,0.0,1.0,
2023-04-27,0.0,0.0,0.0,0.0,0.0,0.0,1.0,
2023-04-28,0.0,0.0,0.0,0.0,0.0,0.0,1.0,
2023-04-29,0.0,0.0,0.0,0.0,0.0,0.0,1.0,
2023-04-30,0.0,0.0,0.0,0.0,0.0,0.0,1.0,
2023-05-01,0.0,0.0,0.0,0.0,0.0,0.0,1.0,
2023-05-02,0.0,0.0,0.0,0.0,0.0,0.0,1.0,
2023-05-03,0.0,0.0,0.0,0.0,0.0,0.0,1.0,
2023-05-04,0.0,0.0,0.0,0.0,0.0,0.0,1.0,
2023-05-05,0.0,0.0,0.0,0.0,0.0,0.0,1.0,
2023-05-06,0.0,0.0,0.0,0.0,0.0,0.0,1.0,
2023-05-07,0.0,0.0,0.0,0.0,0.0,0.0,1.0,
2023-05-08,0.0,0.0,0.0,0.0,0.0,0.0,1.0,
2023-05-09,0.0,0.0,0.0,0.0,0.0,0.0,1.0,
2023-05-10,0.0,0.0,0.0,0.0,0.0,0.0,1.0,
2023-05-11,0.0,0.0,0.0,0.0,0.0,0.0,1.0,
2023-05-12,0.0,0.0,0.0,0.0,0.0,0.0,1.0,
2023-05-13,0.0,0.0,0.0,0.0,0.0,0.0,1.0,
2023-05-14,0.0,0.0,0.0,0.0,0.0,0.0,1.0,
2023-05-15,0.0,0.0,0.0,0.0,0.0,0.0,1.0,
2023-05-16,0.0,0.0,0.0,0.0,0.0,0.0,1.0,
2023-05-17,0.0,0.0,0.0,0.0,0.0,0.0,1.0,
2023-05-18,0.0,0.0,0.0,0.0,0.0,0.0,1.0,
2023-05-19,0.0,0.0,0.0,0.0,0.0,0.0,1.0,
2023-05-20,0.0,0.0,0.0,0.0,0.0,0.0,1.0,
2023-05-21,0.0,0.0,0.0,0.0,0.0,0.0,1.0,
2023-05-22,0.0,0.0,0.0,0.0,0.0,0.0,1.0,
2023-05-23,0.0,0.0,0.0,0.0,0.0,0.0,1.0,
2023-05-24,0.0,0.0,0.0,0.0,0.0,0.0,1.0,
2023-05-25,0.0,0.0,0.0,0.0,0.0,0.0,1.0,
2023-05-26,0.0,0.0,0.0,0.0,0.0,0.0,1.0,
2023-05-27,0.0,0.0,0.0,0.0,0.0,0.0,1.0,
2023-05-28,0.0,0.0,0.0,0.0,0.0,0.0,1.0,
2023-05-29,0.0,0.0,0.0,0.0,0.0,0.0,1.0,
2023-05-30,0.0,0.0,0.0,0.0,0.0,0.0,1.0,
2023-05-31,0.0,0.0,0.0,0.0,0.0,0.0,1.0,
2023-06-01,0.0,0.0,0.0,0.0,0.0,0.0,1.0,
2023-06-02,0.0,0.0,0.0,0.0,0.0,0.0,1.0,
2023-06-03,0.0,0.0,0.0,0.0,0.0,0.0,1.0,
2023-06-04,0.0,0.0,0.0,0.0,0.0,0.0,1.0,
2023-06-05,0.0,0.0,0.0,0.0,0.0,0.0,1.0,
2023-06-06,0.0,0.0,0.0,0.0,0.0,0.0,1.0,
2023-06-07,0.0,0.0,0.0,0.0,0.0,0.0,1.0,
2023-06-08,0.0,0.0,0.0,0.0,0.0,0.0,1.0,
2023-06-09,0.0,0.0,0.0,0.0,0.0,0.0,1.0,
2023-06-10,0.0,0.0,0.0,0.0,0.0,0.0,1.0,
2023-06-11,0.0,0.0,0.0,0.0,0.0,0.0,1.0,
2023-06-12,0.0,0.0,0.0,0.0,0.0,0.0,1.0,
2023-06-13,0.0,0.0,0.0,0.0,0.0,0.0,1.0,
2023-06-14,0.0,0.0,0.0,0.0,0.0,0.0,1.0,
2023-06-15,0.0,0.0,0.0,0.0,0.0,0.0,1.0,
2023-06-16,0.0,0.0,0.0,0.0,0.0,0.0,1.0,
2023-06-17,0.0,0.0,0.0,0.0,0.0,0.0,1.0,
2023-06-18,0.0,0.0,0.0,0.0,0.0,0.0,1.0,
2023-06-19,0.0,0.0,0.0,0.0,0.0,0.0,1.0,
2023-06-20,0.0,0.0,0.0,0.0,0.0,0.0,1.0,
2023-06-21,0.0,0.0,0.0,0.0,0.0,0.0,1.0,
2023-06-22,0.0,0.0,0.0,0.0,0.0,0.0,1.0,
2023-06-23,0.0,0.0,0.0,0.0,0.0,0.0,1.0,
2023-06-24,0.0,0.0,0.0,0.0,0.0,0.0,1.0,
2023-06-25,0.0,0.0,0.0,0.0,0.0,0.0,1.0,
2023-06-26,0.0,0.0,0.0,0.0,0.0,0.0,1.0,
2023-06-27,0.0,0.0,0.0,0.0,0.0,0.0,1.0,
2023-06-28,0.0,0.0,0.0,0.0,0.0,0.0,1.0,
2023-06-29,0.0,0.0,0.0,0.0,0.0,0.0,1.0,
2023-06-30,0.0,0.0,0.0,0.0,0.0,0.0,1.0,
2023-07-01,0.0,0.0,0.0,0.0,0.0,0.0,1.0,
2023-07-02,0.0,0.0,0.0,0.0,0.0,0.0,1.0,
2023-07-03,0.0,0.0,0.0,0.0,0.0,0.0,1.0,
2023-07-04,0.0,0.0,0.0,0.0,0.0,0.0,1.0,
2023-07-05,0.0,0.0,0.0,0.0,0.0,0.0,1.0,
2023-07-06,0.0,0.0,0.0,0.0,0.0,0.0,1.0,
2023-07-07,0.0,0.0,0.0,0.0,0.0,0.0,1.0,
2023-07-08,0.0,0.0,0.0,0.0,0.0,0.0,1.0,
2023-07-09,0.0,0.0,0.0,0.0,0.0,0.0,1.0,
2023-07-10,0.0,0.0,0.0,0.0,0.0,0.0,1.0,
2023-07-11,0.0,0.0,0.0,0.0,0.0,0.0,1.0,
2023-07-12,0.0,0.0,0.0,0.0,0.0,0.0,1.0,
2023-07-13,0.0,0.0,0.0,0.0,0.0,0.0,1.0,
2023-07-14,0.0,0.0,0.0,0.0,0.0,0.0,1.0,
2023-07-15,0.0,0.0,0.0,0.0,0.0,0.0,1.0,
2023-07-16,0.0,0.0,0.0,0.0,0.0,0.0,1.0,
2023-07-17,0.0,0.0,0.0,0.0,0.0,0.0,1.0,
2023-07-18,0.0,0.0,0.0,0.0,0.0,0.0,1.0,
2023-07-19,0.0,0.0,0.0,0.0,0.0,0.0,1.0,
2023-07-20,0.0,0.0,0.0,0.0,0.0,0.0,1.0,
2023-07-21,0.0,0.0,0.0,0.0,0.0,0.0,1.0,
2023-07-22,0.0,0.0,0.0,0.0,0.0,0.0,1.0,
2023-07-23,0.0,0.0,0.0,0.0,0.0,0.0,1.0,
2023-07-24,0.0,0.0,0.0,0.0,0.0,0.0,1.0,
2023-07-25,0.0,0.0,0.0,0.0,0.0,0.0,1.0,
2023-07-26,0.0,0.0,0.0,0.0,0.0,0.0,1.0,
2023-07-27,0.0,0.0,0.0,0.0,0.0,0.0,1.0,
2023-07-28,0.0,0.0,0.0,0.0,0.0,0.0,1.0,
2023-07-29,0.0,0.0,0.0,0.0,0.0,0.0,1.0,
2023-07-30,0.0,0.0,0.0,0.0,0.0,0.0,1.0,
2023-07-31,0.0,0.0,0.0,0.0,0.0,0.0,1.0,
2023-08-01,0.0,0.0,0.0,0.0,0.0,0.0,1.0,
2023-08-02,0.0,0.0,0.0,0.0,0.0,0.0,1.0,
2023-08-03,0.0,0.0,0.0,0.0,0.0,0.0,1.0,
2023-08-04,0.0,0.0,0.0,0.0,0.0,0.0,1.0,
2023-08-05,0.0,0.0,0.0,0.0,0.0,0.0,1.0,
2023-08-06,0.0,0.0,0.0,0.0,0.0,0.0,1.0,
2023-08-07,0.0,0.0,0.0,0.0,0.0,0.0,1.0,
2023-08-08,0.0,0.0,0.0,0.0,0.0,0.0,1.0,
2023-08-09,0.0,0.0,0.0,0.0,0.0,0.0,1.0,
2023-08-10,0.0,0.0,0.0,0.0,0.0,0.0,1.0,
2023-08-11,0.0,0.0,0.0,0.0,0.0,0.0,1.0,
2023-08-12,0.0,0.0,0.0,0.0,0.0,0.0,1.0,
2023-08-13,0.0,0.0,0.0,0.0,0.0,0.0,1.0,
2023-08-14,0.0,0.0,0.0,0.0,0.0,0.0,1.0,
2023-08-15,0.0,0.0,0.0,0.0,0.0,0.0,1.0,
2023-08-16,0.0,0.0,0.0,0.0,0.0,0.0,1.0,
2023-08-17,0.0,0.0,0.0,0.0,0.0,0.0,1.0,
2023-08-18,0.0,0.0,0.0,0.0,0.0,0.0,1.0,
2023-08-19,0.0,0.0,0.0,0.0,0.0,0.0,1.0,
2023-08-20,0.0,0.0,0.0,0.0,0.0,0.0,1.0,
2023-08-21,0.0,0.0,0.0,0.0,0.0,0.0,1.0,
2023-08-22,0.0,0.0,0.0,0.0,0.0,0.0,1.0,
2023-08-23,0.0,0.0,0.0,0.0,0.0,0.0,1.0,
2023-08-24,0.0,0.0,0.0,0.0,0.0,0.0,1.0,
2023-08-25,0.0,0.0,0.0,0.0,0.0,0.0,1.0,
2023-08-26,0.0,0.0,0.0,0.0,0.0,0.0,1.0,
2023-08-27,0.0,0.0,0.0,0.0,0.0,0.0,1.0,
2023-08-28,0.0,0.0,0.0,0.0,0.0,0.0,1.0,
2023-08-29,0.0,0.0,0.0,0.0,0.0,0.0,1.0,
2023-08-30,0.0,0.0,0.0,0.0,0.0,0.0,1.0,
2023-08-31,0.0,0.0,0.0,0.0,0.0,0.0,1.0,
2023-09-01,0.0,0.0,0.0,0.0,0.0,0.0,1.0,
2023-09-02,0.0,0.0,0.0,0.0,0.0,0.0,1.0,
2023-09-03,0.0,0.0,0.0,0.0,0.0,0.0,1.0,
2023-09-04,0.0,0.0,0.0,0.0,0.0,0.0,1.0,
2023-09-05,0.0,0.0,0.0,0.0,0.0,0.0,1.0,
2023-09-06,0.0,0.0,0.0,0.0,0.0,0.0,1.0,
2023-09-07,0.0,0.0,0.0,0.0,0.0,0.0,1.0,
2023-09-08,0.0,0.0,0.0,0.0,0.0,0.0,1.0,
2023-09-09,0.0,0.0,0.0,0.0,0.0,0.0,1.0,
2023-09-10,0.0,0.0,0.0,0.0,0.0,0.0,1.0,
2023-09-11,0.0,0.0,0.0,0.0,0.0,0.0,1.0,
2023-09-12,0.0,0.0,0.0,0.0,0.0,0.0,1.0,
2023-09-13,0.0,0.0,0.0,0.0,0.0,0.0,1.0,
2023-09-14,0.0,0.0,0.0,0.0,0.0,0.0,1.0,
2023-09-15,0.0,0.0,0.0,0.0,0.0,0.0,1.0,
2023-09-16,0.0,0.0,0.0,0.0,0.0,0.0,1.0,
2023-09-17,0.0,0.0,0.0,0.0,0.0,0.0,1.0,
2023-09-18,0.0,0.0,0.0,0.0,0.0,0.0,1.0,
2023-09-19,0.0,0.0,0.0,0.0,0.0,0.0,1.0,
2023-09-20,0.0,0.0,0.0,0.0,0.0,0.0,1.0,
2023-09-21,0.0,0.0,0.0,0.0,0.0,0.0,1.0,
2023-09-22,0.0,0.0,0.0,0.0,0.0,0.0,1.0,
2023-09-23,0.0,0.0,0.0,0.0,0.0,0.0,1.0,
2023-09-24,0.0,0.0,0.0,0.0,0.0,0.0,1.0,
2023-09-25,0.0,0.0,0.0,0.0,0.0,0.0,1.0,
2023-09-26,0.0,0.0,0.0,0.0,0.0,0.0,1.0,
2023-09-27,0.0,0.0,0.0,0.0,0.0,0.0,1.0,
2023-09-28,0.0,0.0,0.0,0.0,0.0,0.0,1.0,
2023-09-29,0.0,0.0,0.0,0.0,0.0,0.0,1.0,
2023-09-30,0.0,0.0,0.0,0.0,0.0,0.0,1.0,
2023-10-01,0.0,0.0,0.0,0.0,0.0,0.0,1.0,
2023-10-02,0.0,0.0,0.0,0.0,0.0,0.0,1.0,
2023-10-03,0.0,0.0,0.0,0.0,0.0,0.0,1.0,
2023-10-04,0.0,0.0,0.0,0.0,0.0,0.0,1.0,
2023-10-05,0.0,0.0,0.0,0.0,0.0,0.0,1.0,
2023-10-06,0.0,0.0,0.0,0.0,0.0,0.0,1.0,
2023-10-07,0.0,0.0,0.0,0.0,0.0,0.0,1.0,
2023-10-08,0.0,0.0,0.0,0.0,0.0,0.0,1.0,
2023-10-09,0.0,0.0,0.0,0.0,0.0,0.0,1.0,
2023-10-10,0.0,0.0,0.0,0.0,0.0,0.0,1.0,
2023-10-11,0.0,0.0,0.0,0.0,0.0,0.0,1.0,
2023-10-12,0.0,0.0,0.0,0.0,0.0,0.0,1.0,
2023-10-13,0.0,0.0,0.0,0.0,0.0,0.0,1.0,
2023-10-14,0.0,0.0,0.0,0.0,0.0,0.0,1.0,
2023-10-15,0.0,0.0,0.0,0.0,0.0,0.0,1.0,
2023-10-16,0.0,0.0,0.0,0.0,0.0,0.0,1.0,
2023-10-17,0.0,0.0,0.0,0.0,0.0,0.0,1.0,
2023-10-18,0.0,0.0,0.0,0.0,0.0,0.0,1.0,
2023-10-19,0.0,0.0,0.0,0.0,0.0,0.0,1.0,
2023-10-20,0.0,0.0,0.0,0.0,0.0,0.0,1.0,
2023-10-21,0.0,0.0,0.0,0.0,0.0,0.0,1.0,
2023-10-22,0.0,0.0,0.0,0.0,0.0,0.0,1.0,
2023-10-23,0.0,0.0,0.0,0.0,0.0,0.0,1.0,
2023-10-24,0.0,0.0,0.0,0.0,0.0,0.0,1.0,
2023-10-25,0.0,0.0,0.0,0.0,0.0,0.0,1.0,
2023-10-26,0.0,0.0,0.0,0.0,0.0,0.0,1.0,
2023-10-27,0.0,0.0,0.0,0.0,0.0,0.0,1.0,
2023-10-28,0.0,0.0,0.0,0.0,0.0,0.0,1.0,
2023-10-29,0.0,0.0,0.0,0.0,0.0,0.0,1.0,
2023-10-30,0.0,0.0,0.0,0.0,0.0,0.0,1.0,
2023-10-31,0.0,0.0,0.0,0.0,0.0,0.0,1.0,
2023-11-01,0.0,0.0,0.0,0.0,0.0,0.0,1.0,
2023-11-02,0.0,0.0,0.0,0.0,0.0,0.0,1.0,
2023-11-03,0.0,0.0,0.0,0.0,0.0,0.0,1.0,
2023-11-04,0.0,0.0,0.0,0.0,0.0,0.0,1.0,
2023-11-05,0.0,0.0,0.0,0.0,0.0,0.0,1.0,
2023-11-06,0.0,0.0,0.0,0.0,0.0,0.0,1.0,
2023-11-07,0.0,0.0,0.0,0.0,0.0,0.0,1.0,
2023-11-08,0.0,0.0,0.0,0.0,0.0,0.0,1.0,
2023-11-09,0.0,0.0,0.0,0.0,0.0,0.0,1.0,
2023-11-10,0.0,0.0,0.0,0.0,0.0,0.0,1.0,
2023-11-11,0.0,0.0,0.0,0.0,0.0,0.0,1.0,
2023-11-12,0.0,0.0,0.0,0.0,0.0,0.0,1.0,
2023-11-13,0.0,0.0,0.0,0.0,0.0,0.0,1.0,
2023-11-14,0.0,0.0,0.0,0.0,0.0,0.0,1.0,
2023-11-15,0.0,0.0,0.0,0.0,0.0,0.0,1.0,
2023-11-16,0.0,0.0,0.0,0.0,0.0,0.0,1.0,
2023-11-17,0.0,0.0,0.0,0.0,0.0,0.0,1.0,
2023-11-18,0.0,0.0,0.0,0.0,0.0,0.0,1.0,
2023-11-19,0.0,0.0,0.0,0.0,0.0,0.0,1.0,
2023-11-20,0.0,0.0,0.0,0.0,0.0,0.0,1.0,
2023-11-21,0.0,0.0,0.0,0.0,0.0,0.0,1.0,
2023-11-22,0.0,0.0,0.0,0.0,0.0,0.0,1.0,
2023-11-23,0.0,0.0,0.0,0.0,0.0,0.0,1.0,
2023-11-24,0.0,0.0,0.0,0.0,0.0,0.0,1.0,
2023-11-25,0.0,0.0,0.0,0.0,0.0,0.0,1.0,
2023-11-26,0.0,0.0,0.0,0.0,0.0,0.0,1.0,
2023-11-27,0.0,0.0,0.0,0.0,0.0,0.0,1.0,
2023-11-28,0.0,0.0,0.0,0.0,0.0,0.0,1.0,
2023-11-29,0.0,0.0,0.0,0.0,0.0,0.0,1.0,
2023-11-30,0.0,0.0,0.0,0.0,0.0,0.0,1.0,
2023-12-01,0.0,0.0,0.0,0.0,0.0,0.0,1.0,
2023-12-02,0.0,0.0,0.0,0.0,0.0,0.0,1.0,
2023-12-03,0.0,0.0,0.0,0.0,0.0,0.0,1.0,
2023-12-04,0.0,0.0,0.0,0.0,0.0,0.0,1.0,
2023-12-05,0.0,0.0,0.0,0.0,0.0,0.0,1.0,
2023-12-06,0.0,0.0,0.0,0.0,0.0,0.0,1.0,
2023-12-07,0.0,0.0,0.0,0.0,0.0,0.0,1.0,
2023-12-08,0.0,0.0,0.0,0.0,0.0,0.0,1.0,
2023-12-09,0.0,0.0,0.0,0.0,0.0,0.0,1.0,
2023-12-10,0.0,0.0,0.0,0.0,0.0,0.0,1.0,
2023-12-11,0.0,0.0,0.0,0.0,0.0,0.0,1.0,
2023-12-12,0.0,0.0,0.0,0.0,0.0,0.0,1.0,
2023-12-13,0.0,0.0,0.0,0.0,0.0,0.0,1.0,
2023-12-14,0.0,0.0,0.0,0.0,0.0,0.0,1.0,
2023-12-15,0.0,0.0,0.0,0.0,0.0,0.0,1.0,
2023-12-16,0.0,0.0,0.0,0.0,0.0,0.0,1.0,
2023-12-17,0.0,0.0,0.0,0.0,0.0,0.0,1.0,
2023-12-18,0.0,0.0,0.0,0.0,0.0,0.0,1.0,0.9471583969369224
2023-12-19,0.0,0.0,0.0,0.0,0.0,0.0,1.0,0.09321598001596894
2023-12-20,0.0,0.0,0.0,0.0,0.0,0.0,1.0,0.14400750848304483
2023-12-21,0.0,0.0,0.0,0.0,0.0,0.0,1.0,0.054960928701140034
2023-12-22,0.0,2.635987733705078e-05,0.0,0.0,-2.635987733705078e-05,0.0,0.999973640122663,0.9971182104975699
2023-12-23,0.0,2.635987733705078e-05,6.274858567947363e-07,0.0,-2.6987363193845517e-05,0.017573251558033853,0.9999466534708528,
2023-12-24,0.0,0.0,0.0,0.0,0.0,0.0,0.9999466534708528,
2023-12-25,0.0,0.0,0.0,0.0,0.0,0.0,0.9999466534708528,
2023-12-26,0.0,0.0,0.0,0.0,0.0,0.0,0.9999466534708528,0.122509893029045
2023-12-27,0.0,2.5731107800967678e-05,0.0,0.0,-2.5731107800967678e-05,0.0,0.9999209237357171,0.9984815585192957
2023-12-28,-7.455895567644411e-05,2.5731107800967678e-05,5.996089563831055e-07,0.0,-0.00010088967243379489,0.017154071867311785,0.9998200420412616,0.1852389116929004
2023-12-29,0.0,0.0,0.0,0.0,0.0,0.0,0.9998200420412616,0.8654343401811487
2023-12-30,0.0,0.0,0.0,0.0,0.0,0.0,0.9998200420412616,
2023-12-31,0.0,0.0,0.0,0.0,0.0,0.0,0.9998200420412616,
2024-01-01,0.0,0.0,0.0,0.0,0.0,0.0,0.9998200420412616,
2024-01-02,0.0,2.4000006794894258e-05,0.0,0.0,-2.4000006794894258e-05,0.0,0.999796046353459,0.9993134643889178
2024-01-03,0.00010748551899607701,2.4000006794894258e-05,5.544699565190697e-07,0.0,8.293104224466368e-05,0.016000004529929505,0.9998789604816153,0.14420429225197787
2024-01-04,0.0,0.0,0.0,0.0,0.0,0.0,0.9998789604816153,0.2559477313989587
2024-01-05,0.0,0.0,0.0,0.0,0.0,0.0,0.9998789604816153,0.362361378438291
2024-01-06,0.0,0.0,0.0,0.0,0.0,0.0,0.9998789604816153,
2024-01-07,0.0,0.0,0.0,0.0,0.0,0.0,0.9998789604816153,
2024-01-08,0.0,2.1881057403789393e-05,0.0,0.0,-2.1881057403789393e-05,0.0,0.9998570820726842,0.9989574877816811
2024-01-09,-6.296467220171073e-05,2.1881057403789393e-05,6.894324543063053e-07,0.0,-8.553516205980642e-05,0.01458737160252626,0.9997715591351325,0.2673489384964962
2024-01-10,0.0,0.0,0.0,0.0,0.0,0.0,0.9997715591351325,0.06221110438388801
2024-01-11,0.0,0.0,0.0,0.0,0.0,0.0,0.9997715591351325,0.5534281279547499
2024-01-12,0.0,0.0,0.0,0.0,0.0,0.0,0.9997715591351325,0.26392349154778444
2024-01-13,0.0,0.0,0.0,0.0,0.0,0.0,0.9997715591351325,
2024-01-14,0.0,0.0,0.0,0.0,0.0,0.0,0.9997715591351325,
2024-01-15,0.0,0.0,0.0,0.0,0.0,0.0,0.9997715591351325,
2024-01-16,0.0,0.0,0.0,0.0,0.0,0.0,0.9997715591351325,0.23289318245570856
2024-01-17,0.0,0.0,0.0,0.0,0.0,0.0,0.9997715591351325,0.7316846079781162
2024-01-18,0.0,0.0,0.0,0.0,0.0,0.0,0.9997715591351325,0.06668936948666385
2024-01-19,0.0,0.0,0.0,0.0,0.0,0.0,0.9997715591351325,0.2766197931586372
2024-01-20,0.0,0.0,0.0,0.0,0.0,0.0,0.9997715591351325,
2024-01-21,0.0,0.0,0.0,0.0,0.0,0.0,0.9997715591351325,
2024-01-22,0.0,0.0,0.0,0.0,0.0,0.0,0.9997715591351325,0.1855644750338008
2024-01-23,0.0,0.0,0.0,0.0,0.0,0.0,0.9997715591351325,0.5020644647122937
2024-01-24,0.0,0.0,0.0,0.0,0.0,0.0,0.9997715591351325,0.17800567831163983
2024-01-25,0.0,0.0,0.0,0.0,0.0,0.0,0.9997715591351325,0.321653697304508
2024-01-26,0.0,0.0,0.0,0.0,0.0,0.0,0.9997715591351325,0.6032274161321087
2024-01-27,0.0,0.0,0.0,0.0,0.0,0.0,0.9997715591351325,
2024-01-28,0.0,0.0,0.0,0.0,0.0,0.0,0.9997715591351325,
2024-01-29,0.0,0.0,0.0,0.0,0.0,0.0,0.9997715591351325,0.12235521556106854
2024-01-30,0.0,0.0,0.0,0.0,0.0,0.0,0.9997715591351325,0.4927391446679444
2024-01-31,0.0,0.0,0.0,0.0,0.0,0.0,0.9997715591351325,0.17503292438935045
2024-02-01,0.0,0.0,0.0,0.0,0.0,0.0,0.9997715591351325,0.38598743018364634
2024-02-02,0.0,0.0,0.0,0.0,0.0,0.0,0.9997715591351325,0.4124063103483094
2024-02-03,0.0,0.0,0.0,0.0,0.0,0.0,0.9997715591351325,
2024-02-04,0.0,0.0,0.0,0.0,0.0,0.0,0.9997715591351325,
2024-02-05,0.0,0.0,0.0,0.0,0.0,0.0,0.9997715591351325,0.33841267760301014
2024-02-06,0.0,0.0,0.0,0.0,0.0,0.0,0.9997715591351325,0.1756114205582407
2024-02-07,0.0,0.0,0.0,0.0,0.0,0.0,0.9997715591351325,0.1588211027644391
2024-02-08,0.0,1.4907658066484085e-05,0.0,0.0,-1.4907658066484085e-05,0.0,0.9997566548825844,0.9999442681556777
2024-02-09,-0.00020358432144978146,1.6253288953516134e-06,4.466918350686812e-07,0.0,-0.00020565634218020176,0.00993843871098939,0.999551048585871,0.9312799865723825
2024-02-10,0.0,1.3282329171132472e-05,3.984767977591907e-07,0.0,-1.3680805968891664e-05,0.008854886114088314,0.9995373739219193,
2024-02-11,0.0,0.0,0.0,0.0,0.0,0.0,0.9995373739219193,
2024-02-12,0.0,1.3435124058894718e-05,0.0,0.0,-1.3435124058894718e-05,0.0,0.9995239450132991,0.9904941050933701
2024-02-13,9.966803784924416e-05,1.0876696759904684e-06,3.916962931318942e-07,0.0,9.81886718801218e-05,0.008956749372596478,0.9996220869419723,0.6975799531485822
2024-02-14,-0.00022460212374518003,5.211572777647929e-07,3.882817840091297e-07,0.0,-0.00022551156280695397,0.008345714828956829,0.9993966606029296,0.9918587276721784
2024-02-15,0.0002462243805610285,5.62003555095357e-07,3.8605965876135745e-07,0.0,0.0002452763173471718,0.008634843784881132,0.9996417889354114,0.7114158183872938
2024-02-16,8.604140860109718e-05,9.655649693843734e-07,3.771260512213056e-07,0.0,8.469871758049151e-05,0.0088594282149385,0.999726457312974,0.5960317378802995
2024-02-17,0.0,1.2323577353023377e-05,3.660063752422622e-07,0.0,-1.268958372826564e-05,0.008215718235348918,0.9997137712003886,
2024-02-18,0.0,0.0,0.0,0.0,0.0,0.0,0.9997137712003886,
2024-02-19,0.0,0.0,0.0,0.0,0.0,0.0,0.9997137712003886,
2024-02-20,0.0,0.0,0.0,0.0,0.0,0.0,0.9997137712003886,0.26422740860068633
2024-02-21,0.0,0.0,0.0,0.0,0.0,0.0,0.9997137712003886,0.3637876720869362
2024-02-22,0.0,0.0,0.0,0.0,0.0,0.0,0.9997137712003886,0.9463322144182778
2024-02-23,0.0,0.0,0.0,0.0,0.0,0.0,0.9997137712003886,0.3435918343406752
2024-02-24,0.0,0.0,0.0,0.0,0.0,0.0,0.9997137712003886,
2024-02-25,0.0,0.0,0.0,0.0,0.0,0.0,0.9997137712003886,
2024-02-26,0.0,1.2956427604419334e-05,0.0,0.0,-1.2956427604419334e-05,0.0,0.9997008184812869,0.9721026275836543
2024-02-27,-0.0001241822702682508,1.2956427604419334e-05,3.6109603683596603e-07,0.0,-0.0001374997939095061,0.008637618402946221,0.9995633598247745,0.4708170216414259
2024-02-28,0.0,0.0,0.0,0.0,0.0,0.0,0.9995633598247745,0.13211613528753666
2024-02-29,0.0,0.0,0.0,0.0,0.0,0.0,0.9995633598247745,0.30376086947043623
2024-03-01,0.0,0.0,0.0,0.0,0.0,0.0,0.9995633598247745,0.13113682935804225
2024-03-02,0.0,0.0,0.0,0.0,0.0,0.0,0.9995633598247745,
2024-03-03,0.0,0.0,0.0,0.0,0.0,0.0,0.9995633598247745,
2024-03-04,0.0,1.2566125204032625e-05,0.0,0.0,-1.2566125204032625e-05,0.0,0.9995507991864455,0.7382096109578425
2024-03-05,0.0004327652013125151,1.2909061620809576e-06,3.3668937992325607e-07,0.0,0.0004311376057705109,0.008377416802688418,0.9999817431248527,0.9998341001070827
2024-03-06,-0.00032248287038945655,1.201256170251548e-05,3.187056333087127e-07,0.0,-0.00033481413772528073,0.008008374468343652,0.9996469350997873,0.49426428699955294
2024-03-07,0.0,0.0,0.0,0.0,0.0,0.0,0.9996469350997873,0.08971929189014188
2024-03-08,0.0,0.0,0.0,0.0,0.0,0.0,0.9996469350997873,0.24447741745119345
2024-03-09,0.0,0.0,0.0,0.0,0.0,0.0,0.9996469350997873,
2024-03-10,0.0,0.0,0.0,0.0,0.0,0.0,0.9996469350997873,
2024-03-11,0.0,0.0,0.0,0.0,0.0,0.0,0.9996469350997873,0.33262962626431025
2024-03-12,0.0,0.0,0.0,0.0,0.0,0.0,0.9996469350997873,0.16950507451933117
2024-03-13,0.0,0.0,0.0,0.0,0.0,0.0,0.9996469350997873,0.27355168302315885
2024-03-14,0.0,0.0,0.0,0.0,0.0,0.0,0.9996469350997873,0.322910356228051
2024-03-15,0.0,0.0,0.0,0.0,0.0,0.0,0.9996469350997873,0.7649577285267027
2024-03-16,0.0,0.0,0.0,0.0,0.0,0.0,0.9996469350997873,
2024-03-17,0.0,0.0,0.0,0.0,0.0,0.0,0.9996469350997873,
2024-03-18,0.0,9.821483735603784e-06,0.0,0.0,-9.821483735603784e-06,0.0,0.9996371170836729,0.9986851743967124
2024-03-19,0.00014382783267405762,9.821483735603784e-06,1.3053900669976451e-07,0.0,0.00013387580993175406,0.006547655823735855,0.9997709443123604,0.4023314075603219
2024-03-20,0.0,8.671197510485384e-06,0.0,0.0,-8.671197510485384e-06,0.0,0.999762275101037,0.5375957083203255
2024-03-21,0.00016875594695747436,8.671197510485384e-06,9.583640392671823e-08,0.0,0.00015998891304306223,0.00578079834032359,0.9999222259807319,0.45969848212961223
2024-03-22,0.0,0.0,0.0,0.0,0.0,0.0,0.9999222259807319,0.22360098554555577
2024-03-23,0.0,0.0,0.0,0.0,0.0,0.0,0.9999222259807319,
2024-03-24,0.0,0.0,0.0,0.0,0.0,0.0,0.9999222259807319,
2024-03-25,0.0,8.324130082715336e-06,0.0,0.0,-8.324130082715336e-06,0.0,0.9999139024980502,0.7835992014282104
2024-03-26,-2.0229388113481602e-05,8.324130082715336e-06,2.436919419822423e-07,0.0,-2.879721013817918e-05,0.0055494200551435575,0.9998851077672799,0.18142145492529543
2024-03-27,0.0,0.0,0.0,0.0,0.0,0.0,0.9998851077672799,0.274640327135466
2024-03-28,0.0,8.249726041347062e-06,0.0,0.0,-8.249726041347062e-06,0.0,0.9998768589890681,0.9983950999551188
2024-03-29,0.0,8.249726041347062e-06,8.413916287501215e-08,0.0,-8.333865204222074e-06,0.005499817360898041,0.9998685261501044,
2024-03-30,0.0,0.0,0.0,0.0,0.0,0.0,0.9998685261501044,
2024-03-31,0.0,0.0,0.0,0.0,0.0,0.0,0.9998685261501044,
2024-04-01,0.0,0.0,0.0,0.0,0.0,0.0,0.9998685261501044,0.4392531307508385
2024-04-02,0.0,0.0,0.0,0.0,0.0,0.0,0.9998685261501044,0.5044740690315648
2024-04-03,0.0,0.0,0.0,0.0,0.0,0.0,0.9998685261501044,0.17138930401621458
2024-04-04,0.0,0.0,0.0,0.0,0.0,0.0,0.9998685261501044,0.7040419737989282
2024-04-05,0.0,0.0,0.0,0.0,0.0,0.0,0.9998685261501044,0.9896552420457684
2024-04-06,0.0,0.0,0.0,0.0,0.0,0.0,0.9998685261501044,
2024-04-07,0.0,0.0,0.0,0.0,0.0,0.0,0.9998685261501044,
2024-04-08,0.0,0.0,0.0,0.0,0.0,0.0,0.9998685261501044,0.442711723444453
2024-04-09,0.0,0.0,0.0,0.0,0.0,0.0,0.9998685261501044,0.33682572825780216
2024-04-10,0.0,0.0,0.0,0.0,0.0,0.0,0.9998685261501044,0.31991676067493424
2024-04-11,0.0,0.0,0.0,0.0,0.0,0.0,0.9998685261501044,0.4249399280619401
2024-04-12,0.0,0.0,0.0,0.0,0.0,0.0,0.9998685261501044,0.2774178785428334
2024-04-13,0.0,0.0,0.0,0.0,0.0,0.0,0.9998685261501044,
2024-04-14,0.0,0.0,0.0,0.0,0.0,0.0,0.9998685261501044,
2024-04-15,0.0,0.0,0.0,0.0,0.0,0.0,0.9998685261501044,0.869627464134919
2024-04-16,0.0,0.0,0.0,0.0,0.0,0.0,0.9998685261501044,0.8270840157930514
2024-04-17,0.0,0.0,0.0,0.0,0.0,0.0,0.9998685261501044,0.2259718903008775
2024-04-18,0.0,0.0,0.0,0.0,0.0,0.0,0.9998685261501044,0.39847120331034336
2024-04-19,0.0,0.0,0.0,0.0,0.0,0.0,0.9998685261501044,0.4316502799651656
2024-04-20,0.0,0.0,0.0,0.0,0.0,0.0,0.9998685261501044,
2024-04-21,0.0,0.0,0.0,0.0,0.0,0.0,0.9998685261501044,
2024-04-22,0.0,0.0,0.0,0.0,0.0,0.0,0.9998685261501044,0.6533576033674214
2024-04-23,0.0,0.0,0.0,0.0,0.0,0.0,0.9998685261501044,0.10626747468406234
2024-04-24,0.0,0.0,0.0,0.0,0.0,0.0,0.9998685261501044,0.17005809042310466
2024-04-25,0.0,0.0,0.0,0.0,0.0,0.0,0.9998685261501044,0.37790756941015585
2024-04-26,0.0,0.0,0.0,0.0,0.0,0.0,0.9998685261501044,0.13114442409352284
2024-04-27,0.0,0.0,0.0,0.0,0.0,0.0,0.9998685261501044,
2024-04-28,0.0,0.0,0.0,0.0,0.0,0.0,0.9998685261501044,
2024-04-29,0.0,0.0,0.0,0.0,0.0,0.0,0.9998685261501044,0.12100936838617556
2024-04-30,0.0,0.0,0.0,0.0,0.0,0.0,0.9998685261501044,0.8466066894886066
2024-05-01,0.0,0.0,0.0,0.0,0.0,0.0,0.9998685261501044,0.16887854144864792
2024-05-02,0.0,0.0,0.0,0.0,0.0,0.0,0.9998685261501044,0.49491583930563204
2024-05-03,0.0,0.0,0.0,0.0,0.0,0.0,0.9998685261501044,0.08378212547146274
2024-05-04,0.0,0.0,0.0,0.0,0.0,0.0,0.9998685261501044,
2024-05-05,0.0,0.0,0.0,0.0,0.0,0.0,0.9998685261501044,
2024-05-06,0.0,0.0,0.0,0.0,0.0,0.0,0.9998685261501044,0.3052387630106017
2024-05-07,0.0,0.0,0.0,0.0,0.0,0.0,0.9998685261501044,0.1512093082056372
2024-05-08,0.0,0.0,0.0,0.0,0.0,0.0,0.9998685261501044,0.10219125071869112
2024-05-09,0.0,0.0,0.0,0.0,0.0,0.0,0.9998685261501044,0.31780173003831097
2024-05-10,0.0,0.0,0.0,0.0,0.0,0.0,0.9998685261501044,0.25866693368587446
2024-05-11,0.0,0.0,0.0,0.0,0.0,0.0,0.9998685261501044,
2024-05-12,0.0,0.0,0.0,0.0,0.0,0.0,0.9998685261501044,
2024-05-13,0.0,0.0,0.0,0.0,0.0,0.0,0.9998685261501044,0.18135963324430943
2024-05-14,0.0,0.0,0.0,0.0,0.0,0.0,0.9998685261501044,0.6566491487482362
2024-05-15,0.0,0.0,0.0,0.0,0.0,0.0,0.9998685261501044,0.20764469305604782
2024-05-16,0.0,0.0,0.0,0.0,0.0,0.0,0.9998685261501044,0.3209388672499475
2024-05-17,0.0,0.0,0.0,0.0,0.0,0.0,0.9998685261501044,0.6019838272380512
2024-05-18,0.0,0.0,0.0,0.0,0.0,0.0,0.9998685261501044,
2024-05-19,0.0,0.0,0.0,0.0,0.0,0.0,0.9998685261501044,
2024-05-20,0.0,0.0,0.0,0.0,0.0,0.0,0.9998685261501044,0.41745208788202776
2024-05-21,0.0,0.0,0.0,0.0,0.0,0.0,0.9998685261501044,0.29879770230068764
2024-05-22,0.0,0.0,0.0,0.0,0.0,0.0,0.9998685261501044,0.32762111898066865
2024-05-23,0.0,0.0,0.0,0.0,0.0,0.0,0.9998685261501044,0.4026278790742832
2024-05-24,0.0,0.0,0.0,0.0,0.0,0.0,0.9998685261501044,0.7207547333172158
2024-05-25,0.0,0.0,0.0,0.0,0.0,0.0,0.9998685261501044,
2024-05-26,0.0,0.0,0.0,0.0,0.0,0.0,0.9998685261501044,
2024-05-27,0.0,0.0,0.0,0.0,0.0,0.0,0.9998685261501044,
2024-05-28,0.0,0.0,0.0,0.0,0.0,0.0,0.9998685261501044,0.27955765516632064
2024-05-29,0.0,0.0,0.0,0.0,0.0,0.0,0.9998685261501044,0.2984145892500577
2024-05-30,0.0,0.0,0.0,0.0,0.0,0.0,0.9998685261501044,0.8453075023761886
2024-05-31,0.0,0.0,0.0,0.0,0.0,0.0,0.9998685261501044,0.4670316833025979
2024-06-01,0.0,0.0,0.0,0.0,0.0,0.0,0.9998685261501044,
2024-06-02,0.0,0.0,0.0,0.0,0.0,0.0,0.9998685261501044,
2024-06-03,0.0,0.0,0.0,0.0,0.0,0.0,0.9998685261501044,0.6158252771424265
2024-06-04,0.0,0.0,0.0,0.0,0.0,0.0,0.9998685261501044,0.6478436657781762
2024-06-05,0.0,0.0,0.0,0.0,0.0,0.0,0.9998685261501044,0.28834525224193286
2024-06-06,0.0,0.0,0.0,0.0,0.0,0.0,0.9998685261501044,0.416248807068286
2024-06-07,0.0,0.0,0.0,0.0,0.0,0.0,0.9998685261501044,0.24188921446192563
2024-06-08,0.0,0.0,0.0,0.0,0.0,0.0,0.9998685261501044,
2024-06-09,0.0,0.0,0.0,0.0,0.0,0.0,0.9998685261501044,
2024-06-10,0.0,0.0,0.0,0.0,0.0,0.0,0.9998685261501044,0.06855347602607852
2024-06-11,0.0,0.0,0.0,0.0,0.0,0.0,0.9998685261501044,0.14982995113804803
2024-06-12,0.0,0.0,0.0,0.0,0.0,0.0,0.9998685261501044,0.14637026358629338
2024-06-13,0.0,0.0,0.0,0.0,0.0,0.0,0.9998685261501044,0.8280777959829767
2024-06-14,0.0,0.0,0.0,0.0,0.0,0.0,0.9998685261501044,0.35353052928503964
2024-06-15,0.0,0.0,0.0,0.0,0.0,0.0,0.9998685261501044,
2024-06-16,0.0,0.0,0.0,0.0,0.0,0.0,0.9998685261501044,
2024-06-17,0.0,0.0,0.0,0.0,0.0,0.0,0.9998685261501044,0.2500129990831567
2024-06-18,0.0,0.0,0.0,0.0,0.0,0.0,0.9998685261501044,0.21278793812347177
2024-06-19,0.0,0.0,0.0,0.0,0.0,0.0,0.9998685261501044,
2024-06-20,0.0,0.0,0.0,0.0,0.0,0.0,0.9998685261501044,0.3171897855495596
2024-06-21,0.0,0.0,0.0,0.0,0.0,0.0,0.9998685261501044,0.5509945221678965
2024-06-22,0.0,0.0,0.0,0.0,0.0,0.0,0.9998685261501044,
2024-06-23,0.0,0.0,0.0,0.0,0.0,0.0,0.9998685261501044,
2024-06-24,0.0,0.0,0.0,0.0,0.0,0.0,0.9998685261501044,0.19332184878237538
2024-06-25,0.0,0.0,0.0,0.0,0.0,0.0,0.9998685261501044,0.40751881780384797
2024-06-26,0.0,0.0,0.0,0.0,0.0,0.0,0.9998685261501044,0.3731529320383514
2024-06-27,0.0,0.0,0.0,0.0,0.0,0.0,0.9998685261501044,0.21642595737868223
2024-06-28,0.0,0.0,0.0,0.0,0.0,0.0,0.9998685261501044,0.999917167396868
2024-06-29,0.0,0.0,0.0,0.0,0.0,0.0,0.9998685261501044,
2024-06-30,0.0,0.0,0.0,0.0,0.0,0.0,0.9998685261501044,
2024-07-01,0.0,0.0,0.0,0.0,0.0,0.0,0.9998685261501044,0.7194705487996513
2024-07-02,0.0,0.0,0.0,0.0,0.0,0.0,0.9998685261501044,0.944187793196041
2024-07-03,0.0,0.0,0.0,0.0,0.0,0.0,0.9998685261501044,0.20004198755562286
2024-07-04,0.0,0.0,0.0,0.0,0.0,0.0,0.9998685261501044,
2024-07-05,0.0,0.0,0.0,0.0,0.0,0.0,0.9998685261501044,0.821441471074559
2024-07-06,0.0,0.0,0.0,0.0,0.0,0.0,0.9998685261501044,
2024-07-07,0.0,0.0,0.0,0.0,0.0,0.0,0.9998685261501044,
2024-07-08,0.0,0.0,0.0,0.0,0.0,0.0,0.9998685261501044,0.7915740408292112
2024-07-09,0.0,0.0,0.0,0.0,0.0,0.0,0.9998685261501044,0.9142125521626436
2024-07-10,0.0,0.0,0.0,0.0,0.0,0.0,0.9998685261501044,0.26673544056805226
2024-07-11,0.0,0.0,0.0,0.0,0.0,0.0,0.9998685261501044,0.7254898443331295
2024-07-12,0.0,0.0,0.0,0.0,0.0,0.0,0.9998685261501044,0.12395697902098297
2024-07-13,0.0,0.0,0.0,0.0,0.0,0.0,0.9998685261501044,
2024-07-14,0.0,0.0,0.0,0.0,0.0,0.0,0.9998685261501044,
2024-07-15,0.0,0.0,0.0,0.0,0.0,0.0,0.9998685261501044,0.6605048749174386
2024-07-16,0.0,0.0,0.0,0.0,0.0,0.0,0.9998685261501044,0.3845346353775238
2024-07-17,0.0,0.0,0.0,0.0,0.0,0.0,0.9998685261501044,0.29070744823582534
2024-07-18,0.0,0.0,0.0,0.0,0.0,0.0,0.9998685261501044,0.5407115372037701
2024-07-19,0.0,2.3312431644928455e-05,0.0,0.0,-2.3312431644928455e-05,0.0,0.9998452167834346,0.9947123466815984
2024-07-20,0.0,2.3312431644928455e-05,4.4165285110738393e-07,0.0,-2.375408449603584e-05,0.01554162109661897,0.9998214663756722,
2024-07-21,0.0,0.0,0.0,0.0,0.0,0.0,0.9998214663756722,
2024-07-22,0.0,0.0,0.0,0.0,0.0,0.0,0.9998214663756722,0.23657868536732862
2024-07-23,0.0,0.0,0.0,0.0,0.0,0.0,0.9998214663756722,0.428534244973155
2024-07-24,0.0,0.0,0.0,0.0,0.0,0.0,0.9998214663756722,0.42554983438737176
2024-07-25,0.0,0.0,0.0,0.0,0.0,0.0,0.9998214663756722,0.9838319762934651
2024-07-26,0.0,0.0,0.0,0.0,0.0,0.0,0.9998214663756722,0.5996307309055973
2024-07-27,0.0,0.0,0.0,0.0,0.0,0.0,0.9998214663756722,
2024-07-28,0.0,0.0,0.0,0.0,0.0,0.0,0.9998214663756722,
2024-07-29,0.0,0.0,0.0,0.0,0.0,0.0,0.9998214663756722,0.514604675080602
2024-07-30,0.0,0.0,0.0,0.0,0.0,0.0,0.9998214663756722,0.7102521037503007
2024-07-31,0.0,0.0,0.0,0.0,0.0,0.0,0.9998214663756722,0.4198336787602907
2024-08-01,0.0,0.0,0.0,0.0,0.0,0.0,0.9998214663756722,0.9962306907414464
2024-08-02,0.0,2.7619960545622843e-05,0.0,0.0,-2.7619960545622843e-05,0.0,0.9997938513462181,0.9998284153661028
2024-08-03,0.0,2.7619960545622843e-05,4.708313866653893e-07,0.0,-2.8090791932288234e-05,0.01841330703041523,0.9997657663451647,
2024-08-04,0.0,0.0,0.0,0.0,0.0,0.0,0.9997657663451647,
2024-08-05,0.0,2.44553928164139e-05,0.0,0.0,-2.44553928164139e-05,0.0,0.9997413166806244,0.9765712907335442
2024-08-06,9.200128146682464e-05,2.44553928164139e-05,4.408591591464353e-07,0.0,6.71050294912643e-05,0.016303595210942597,0.999808404351164,0.2715295208953948
2024-08-07,0.0,2.1947089542298687e-05,0.0,0.0,-2.1947089542298687e-05,0.0,0.9997864614665886,0.9252177347863094
2024-08-08,0.0003823234946338751,5.061504856303545e-07,4.299363013808714e-07,0.0,0.0003813874078468639,0.014631393028199127,1.0001677674335276,0.9986825256315557
2024-08-09,-2.788234550062628e-05,2.170321498751941e-05,4.2022652649210343e-07,0.0,-5.000578701463779e-05,0.014468809991679606,1.0001177532571706,0.5493939857713461
2024-08-10,0.0,0.0,0.0,0.0,0.0,0.0,1.0001177532571706,
2024-08-11,0.0,0.0,0.0,0.0,0.0,0.0,1.0001177532571706,
2024-08-12,0.0,0.0,0.0,0.0,0.0,0.0,1.0001177532571706,0.8221448811571728
2024-08-13,0.0,0.0,0.0,0.0,0.0,0.0,1.0001177532571706,0.5786389975688413
2024-08-14,0.0,0.0,0.0,0.0,0.0,0.0,1.0001177532571706,0.3373450830573925
2024-08-15,0.0,0.0,0.0,0.0,0.0,0.0,1.0001177532571706,0.5628630141376677
2024-08-16,0.0,0.0,0.0,0.0,0.0,0.0,1.0001177532571706,0.514978415839691
2024-08-17,0.0,0.0,0.0,0.0,0.0,0.0,1.0001177532571706,
2024-08-18,0.0,0.0,0.0,0.0,0.0,0.0,1.0001177532571706,
2024-08-19,0.0,0.0,0.0,0.0,0.0,0.0,1.0001177532571706,0.4604949281162395
2024-08-20,0.0,0.0,0.0,0.0,0.0,0.0,1.0001177532571706,0.3162397929939429
2024-08-21,0.0,0.0,0.0,0.0,0.0,0.0,1.0001177532571706,0.4208375328733675
2024-08-22,0.0,0.0,0.0,0.0,0.0,0.0,1.0001177532571706,0.49325983223541847
2024-08-23,0.0,0.0,0.0,0.0,0.0,0.0,1.0001177532571706,0.7057468142363612
2024-08-24,0.0,0.0,0.0,0.0,0.0,0.0,1.0001177532571706,
2024-08-25,0.0,0.0,0.0,0.0,0.0,0.0,1.0001177532571706,
2024-08-26,0.0,0.0,0.0,0.0,0.0,0.0,1.0001177532571706,0.4643396912291489
2024-08-27,0.0,0.0,0.0,0.0,0.0,0.0,1.0001177532571706,0.7381650656411367
2024-08-28,0.0,0.0,0.0,0.0,0.0,0.0,1.0001177532571706,0.7954737231854172
2024-08-29,0.0,0.0,0.0,0.0,0.0,0.0,1.0001177532571706,0.2862487494380236
2024-08-30,0.0,0.0,0.0,0.0,0.0,0.0,1.0001177532571706,0.2958938981819336
2024-08-31,0.0,0.0,0.0,0.0,0.0,0.0,1.0001177532571706,
2024-09-01,0.0,0.0,0.0,0.0,0.0,0.0,1.0001177532571706,
2024-09-02,0.0,0.0,0.0,0.0,0.0,0.0,1.0001177532571706,
2024-09-03,0.0,0.0,0.0,0.0,0.0,0.0,1.0001177532571706,0.2655131482892392
2024-09-04,0.0,0.0,0.0,0.0,0.0,0.0,1.0001177532571706,0.5373959880827178
2024-09-05,0.0,0.0,0.0,0.0,0.0,0.0,1.0001177532571706,0.2723266465852718
2024-09-06,0.0,0.0,0.0,0.0,0.0,0.0,1.0001177532571706,0.8408696301044065
2024-09-07,0.0,0.0,0.0,0.0,0.0,0.0,1.0001177532571706,
2024-09-08,0.0,0.0,0.0,0.0,0.0,0.0,1.0001177532571706,
2024-09-09,0.0,0.0,0.0,0.0,0.0,0.0,1.0001177532571706,0.46167550727743667
2024-09-10,0.0,0.0,0.0,0.0,0.0,0.0,1.0001177532571706,0.25666427800399444
2024-09-11,0.0,0.0,0.0,0.0,0.0,0.0,1.0001177532571706,0.08365064106170621
2024-09-12,0.0,0.0,0.0,0.0,0.0,0.0,1.0001177532571706,0.13881470990806488
2024-09-13,0.0,0.0,0.0,0.0,0.0,0.0,1.0001177532571706,0.3008708000462576
2024-09-14,0.0,0.0,0.0,0.0,0.0,0.0,1.0001177532571706,
2024-09-15,0.0,0.0,0.0,0.0,0.0,0.0,1.0001177532571706,
2024-09-16,0.0,0.0,0.0,0.0,0.0,0.0,1.0001177532571706,0.5543071488275374
2024-09-17,0.0,0.0,0.0,0.0,0.0,0.0,1.0001177532571706,0.9506059645494676
2024-09-18,0.0,0.0,0.0,0.0,0.0,0.0,1.0001177532571706,0.15664482565135593
2024-09-19,0.0,0.0,0.0,0.0,0.0,0.0,1.0001177532571706,0.919969072457222
2024-09-20,0.0,0.0,0.0,0.0,0.0,0.0,1.0001177532571706,0.19387346728005184
2024-09-21,0.0,0.0,0.0,0.0,0.0,0.0,1.0001177532571706,
2024-09-22,0.0,0.0,0.0,0.0,0.0,0.0,1.0001177532571706,
2024-09-23,0.0,0.0,0.0,0.0,0.0,0.0,1.0001177532571706,0.7486664186958168
2024-09-24,0.0,0.0,0.0,0.0,0.0,0.0,1.0001177532571706,0.21604333129150938
2024-09-25,0.0,0.0,0.0,0.0,0.0,0.0,1.0001177532571706,0.31497995024449527
2024-09-26,0.0,0.0,0.0,0.0,0.0,0.0,1.0001177532571706,0.841762318408126
2024-09-27,0.0,0.0,0.0,0.0,0.0,0.0,1.0001177532571706,0.8829859668934192
2024-09-28,0.0,0.0,0.0,0.0,0.0,0.0,1.0001177532571706,
2024-09-29,0.0,0.0,0.0,0.0,0.0,0.0,1.0001177532571706,
2024-09-30,0.0,0.0,0.0,0.0,0.0,0.0,1.0001177532571706,0.1508672146364878
2024-10-01,0.0,0.0,0.0,0.0,0.0,0.0,1.0001177532571706,0.6846056162748986
2024-10-02,0.0,0.0,0.0,0.0,0.0,0.0,1.0001177532571706,0.3928287520055066
2024-10-03,0.0,0.0,0.0,0.0,0.0,0.0,1.0001177532571706,0.25548775739171536
2024-10-04,0.0,0.0,0.0,0.0,0.0,0.0,1.0001177532571706,0.7219589989564549
2024-10-05,0.0,0.0,0.0,0.0,0.0,0.0,1.0001177532571706,
2024-10-06,0.0,0.0,0.0,0.0,0.0,0.0,1.0001177532571706,
2024-10-07,0.0,1.883100771908376e-05,0.0,0.0,-1.883100771908376e-05,0.0,1.000098920032039,0.9795372371639706
2024-10-08,-7.58612221898753e-05,1.883100771908376e-05,4.2501003992151054e-07,0.0,-9.511723994888058e-05,0.01255400514605584,1.0000037933830896,0.1190832147550533
2024-10-09,0.0,0.0,0.0,0.0,0.0,0.0,1.0000037933830896,0.13508538881615387
2024-10-10,0.0,0.0,0.0,0.0,0.0,0.0,1.0000037933830896,0.48681050714809676
2024-10-11,0.0,1.7531762637730787e-05,0.0,0.0,-1.7531762637730787e-05,0.0,0.9999862615539472,0.9779247254573038
2024-10-12,0.0,1.7531762637730787e-05,4.119146668584641e-07,0.0,-1.7943677304589253e-05,0.01168784175848719,0.9999683181231609,
2024-10-13,0.0,0.0,0.0,0.0,0.0,0.0,0.9999683181231609,
2024-10-14,0.0,1.6819125407943185e-05,0.0,0.0,-1.6819125407943185e-05,0.0,0.9999514995306144,0.9993689099309297
2024-10-15,0.00015612711687810053,1.2786394806822782e-06,3.9135535836668144e-07,0.0,0.00015445712203905157,0.011212750271962123,1.0001059491614106,0.9708511939843215
2024-10-16,4.895975551567044e-05,1.5540485927260906e-05,3.7149243337179583e-07,0.0,3.304777715503774e-05,0.01036032395150727,1.00013900043995,0.9085968928627648
2024-10-17,0.0,0.0,0.0,0.0,0.0,0.0,1.00013900043995,0.08143046844620905
2024-10-18,0.0,1.5659993767347167e-05,0.0,0.0,-1.5659993767347167e-05,0.0,1.0001233382694366,0.6859575896421474
2024-10-19,0.0,1.5659993767347167e-05,3.675133341831437e-07,0.0,-1.602750710153031e-05,0.01043999584489811,1.0001073087855301,
2024-10-20,0.0,0.0,0.0,0.0,0.0,0.0,1.0001073087855301,
2024-10-21,0.0,0.0,0.0,0.0,0.0,0.0,1.0001073087855301,0.18577173130032834
2024-10-22,0.0,0.0,0.0,0.0,0.0,0.0,1.0001073087855301,0.10253914164741515
2024-10-23,0.0,0.0,0.0,0.0,0.0,0.0,1.0001073087855301,0.7118288201012581
2024-10-24,0.0,0.0,0.0,0.0,0.0,0.0,1.0001073087855301,0.38428738934464407
2024-10-25,0.0,0.0,0.0,0.0,0.0,0.0,1.0001073087855301,0.05906588048664007
2024-10-26,0.0,0.0,0.0,0.0,0.0,0.0,1.0001073087855301,
2024-10-27,0.0,0.0,0.0,0.0,0.0,0.0,1.0001073087855301,
2024-10-28,0.0,0.0,0.0,0.0,0.0,0.0,1.0001073087855301,0.0625093376814192
2024-10-29,0.0,0.0,0.0,0.0,0.0,0.0,1.0001073087855301,0.9095636726552649
2024-10-30,0.0,0.0,0.0,0.0,0.0,0.0,1.0001073087855301,0.9118278827632332
2024-10-31,0.0,0.0,0.0,0.0,0.0,0.0,1.0001073087855301,0.80716150159244
2024-11-01,0.0,0.0,0.0,0.0,0.0,0.0,1.0001073087855301,0.9794906006607421
2024-11-02,0.0,0.0,0.0,0.0,0.0,0.0,1.0001073087855301,
2024-11-03,0.0,0.0,0.0,0.0,0.0,0.0,1.0001073087855301,
2024-11-04,0.0,0.0,0.0,0.0,0.0,0.0,1.0001073087855301,0.46211003229146386
2024-11-05,0.0,0.0,0.0,0.0,0.0,0.0,1.0001073087855301,0.7057968156948934
2024-11-06,0.0,0.0,0.0,0.0,0.0,0.0,1.0001073087855301,0.031084769666717294
2024-11-07,0.0,0.0,0.0,0.0,0.0,0.0,1.0001073087855301,0.12002140796160478
2024-11-08,0.0,0.0,0.0,0.0,0.0,0.0,1.0001073087855301,0.08771163523625708
2024-11-09,0.0,0.0,0.0,0.0,0.0,0.0,1.0001073087855301,
2024-11-10,0.0,0.0,0.0,0.0,0.0,0.0,1.0001073087855301,
2024-11-11,0.0,1.6393329192259474e-05,0.0,0.0,-1.6393329192259474e-05,0.0,1.0000909136971896,0.9644855198946295
2024-11-12,-0.0001990807708381285,1.6393329192259474e-05,3.9503008717588476e-07,0.0,-0.00021586913011756382,0.010928886128172981,0.9998750249416113,0.19670343616185645
2024-11-13,0.0,1.4619298493023173e-05,0.0,0.0,-1.4619298493023173e-05,0.0,0.999860407470166,0.9998727512304505
2024-11-14,-0.00014531810913734713,9.672994980674201e-07,3.679777530928991e-07,0.0,-0.00014665338638850746,0.009746198995348784,0.9997137745554947,0.5743889177633524
2024-11-15,-6.296106632856891e-07,1.3651998994955756e-05,3.3996558544345226e-07,0.0,-1.4621575243684896e-05,0.009101332663303836,0.9996991571653179,0.2100649091719981
2024-11-16,0.0,0.0,0.0,0.0,0.0,0.0,0.9996991571653179,
2024-11-17,0.0,0.0,0.0,0.0,0.0,0.0,0.9996991571653179,
2024-11-18,0.0,0.0,0.0,0.0,0.0,0.0,0.9996991571653179,0.05298464487193924
2024-11-19,0.0,0.0,0.0,0.0,0.0,0.0,0.9996991571653179,0.24946886329698842
2024-11-20,0.0,0.0,0.0,0.0,0.0,0.0,0.9996991571653179,0.0855963460789612
2024-11-21,0.0,1.3173376593634268e-05,0.0,0.0,-1.3173376593634268e-05,0.0,0.9996859877518401,0.9999999996497515
2024-11-22,-0.00013230925469756878,2.52402335512984e-06,3.166704897978059e-07,0.0,-0.00013514994854249644,0.008782251062422846,0.9995508802420369,0.5298736672147819
2024-11-23,0.0,1.0649353238504428e-05,2.6377808174256284e-07,0.0,-1.0913131320246991e-05,0.007099568825669618,0.9995399720120195,
2024-11-24,0.0,0.0,0.0,0.0,0.0,0.0,0.9995399720120195,
2024-11-25,0.0,0.0,0.0,0.0,0.0,0.0,0.9995399720120195,0.5274616593051038
2024-11-26,0.0,1.1097725174261598e-05,0.0,0.0,-1.1097725174261598e-05,0.0,0.9995288793921094,0.9999855541379348
2024-11-27,0.00012736663925566946,8.834658252662274e-07,3.5642821705607524e-07,0.0,0.00012612674521334717,0.007398483449507731,0.9996549467164139,0.5840711843213134
2024-11-28,0.0,1.0218274911143748e-05,2.986276820209672e-07,0.0,-1.0516902593164716e-05,0.006812183274095832,0.9996444334427125,
2024-11-29,0.0,9.998646018764458e-06,0.0,0.0,-9.998646018764458e-06,0.0,0.9996344383518778,0.9102098723310585
2024-11-30,0.0,9.998646018764458e-06,2.7670271455694347e-07,0.0,-1.0275348733321403e-05,0.0066657640125096385,0.9996241667594179,
2024-12-01,0.0,0.0,0.0,0.0,0.0,0.0,0.9996241667594179,
2024-12-02,0.0,0.0,0.0,0.0,0.0,0.0,0.9996241667594179,0.6908495090767885
2024-12-03,0.0,0.0,0.0,0.0,0.0,0.0,0.9996241667594179,0.8582140734005035
2024-12-04,0.0,0.0,0.0,0.0,0.0,0.0,0.9996241667594179,0.23691201024894645
2024-12-05,0.0,0.0,0.0,0.0,0.0,0.0,0.9996241667594179,0.7125308804484846
2024-12-06,0.0,0.0,0.0,0.0,0.0,0.0,0.9996241667594179,0.42696050456579165
2024-12-07,0.0,0.0,0.0,0.0,0.0,0.0,0.9996241667594179,
2024-12-08,0.0,0.0,0.0,0.0,0.0,0.0,0.9996241667594179,
2024-12-09,0.0,0.0,0.0,0.0,0.0,0.0,0.9996241667594179,0.7484569600307424
2024-12-10,0.0,0.0,0.0,0.0,0.0,0.0,0.9996241667594179,0.40000801117783225
2024-12-11,0.0,0.0,0.0,0.0,0.0,0.0,0.9996241667594179,0.06729222612722756
2024-12-12,0.0,0.0,0.0,0.0,0.0,0.0,0.9996241667594179,0.6501560864289531
2024-12-13,0.0,0.0,0.0,0.0,0.0,0.0,0.9996241667594179,0.17313744834274794
2024-12-14,0.0,0.0,0.0,0.0,0.0,0.0,0.9996241667594179,
2024-12-15,0.0,0.0,0.0,0.0,0.0,0.0,0.9996241667594179,
2024-12-16,0.0,0.0,0.0,0.0,0.0,0.0,0.9996241667594179,0.3243647459973078
2024-12-17,0.0,0.0,0.0,0.0,0.0,0.0,0.9996241667594179,0.8473936125914532
2024-12-18,0.0,0.0,0.0,0.0,0.0,0.0,0.9996241667594179,0.23412628200824262
2024-12-19,0.0,0.0,0.0,0.0,0.0,0.0,0.9996241667594179,0.685030436795268
2024-12-20,0.0,0.0,0.0,0.0,0.0,0.0,0.9996241667594179,0.8376809629657324
2024-12-21,0.0,0.0,0.0,0.0,0.0,0.0,0.9996241667594179,
2024-12-22,0.0,0.0,0.0,0.0,0.0,0.0,0.9996241667594179,
2024-12-23,0.0,0.0,0.0,0.0,0.0,0.0,0.9996241667594179,0.982103933463896
2024-12-24,0.0,0.0,0.0,0.0,0.0,0.0,0.9996241667594179,
2024-12-25,0.0,0.0,0.0,0.0,0.0,0.0,0.9996241667594179,
2024-12-26,0.0,0.0,0.0,0.0,0.0,0.0,0.9996241667594179,
2024-12-27,0.0,0.0,0.0,0.0,0.0,0.0,0.9996241667594179,
2024-12-28,0.0,0.0,0.0,0.0,0.0,0.0,0.9996241667594179,
2024-12-29,0.0,0.0,0.0,0.0,0.0,0.0,0.9996241667594179,
2024-12-30,0.0,0.0,0.0,0.0,0.0,0.0,0.9996241667594179,
2024-12-31,0.0,0.0,0.0,0.0,0.0,0.0,0.9996241667594179,
2026-01-29,0.0,0.0,0.0,0.0,0.0,0.0,0.9996241667594179,
2026-01-30,0.0,0.0,0.0,0.0,0.0,0.0,0.9996241667594179,
2026-02-02,0.0,0.0,0.0,0.0,0.0,0.0,0.9996241667594179,
2026-02-03,0.0,0.0,0.0,0.0,0.0,0.0,0.9996241667594179,
2026-02-04,0.0,0.0,0.0,0.0,0.0,0.0,0.9996241667594179,
2026-02-05,0.0,0.0,0.0,0.0,0.0,0.0,0.9996241667594179,
2026-02-06,0.0,0.0,0.0,0.0,0.0,0.0,0.9996241667594179,
2026-02-09,0.0,0.0,0.0,0.0,0.0,0.0,0.9996241667594179,
2026-02-10,0.0,0.0,0.0,0.0,0.0,0.0,0.9996241667594179,
2026-02-11,0.0,0.0,0.0,0.0,0.0,0.0,0.9996241667594179,
2026-02-12,0.0,0.0,0.0,0.0,0.0,0.0,0.9996241667594179,
2026-02-13,0.0,0.0,0.0,0.0,0.0,0.0,0.9996241667594179,
2026-02-17,0.0,0.0,0.0,0.0,0.0,0.0,0.9996241667594179,
2026-02-18,0.0,0.0,0.0,0.0,0.0,0.0,0.9996241667594179,
2026-02-19,0.0,0.0,0.0,0.0,0.0,0.0,0.9996241667594179,
2026-02-20,0.0,0.0,0.0,0.0,0.0,0.0,0.9996241667594179,
2026-02-23,0.0,0.0,0.0,0.0,0.0,0.0,0.9996241667594179,
2026-02-24,0.0,0.0,0.0,0.0,0.0,0.0,0.9996241667594179,
2026-02-25,0.0,0.0,0.0,0.0,0.0,0.0,0.9996241667594179,
2026-02-26,0.0,0.0,0.0,0.0,0.0,0.0,0.9996241667594179,
2026-02-27,0.0,0.0,0.0,0.0,0.0,0.0,0.9996241667594179,
2026-03-02,0.0,0.0,0.0,0.0,0.0,0.0,0.9996241667594179,
2026-03-03,0.0,0.0,0.0,0.0,0.0,0.0,0.9996241667594179,
2026-03-04,0.0,0.0,0.0,0.0,0.0,0.0,0.9996241667594179,
2026-03-05,0.0,0.0,0.0,0.0,0.0,0.0,0.9996241667594179,
2026-03-06,0.0,0.0,0.0,0.0,0.0,0.0,0.9996241667594179,
2026-03-09,0.0,0.0,0.0,0.0,0.0,0.0,0.9996241667594179,
2026-03-10,0.0,0.0,0.0,0.0,0.0,0.0,0.9996241667594179,
2026-03-11,0.0,0.0,0.0,0.0,0.0,0.0,0.9996241667594179,
2026-03-12,0.0,0.0,0.0,0.0,0.0,0.0,0.9996241667594179,
2026-03-13,0.0,0.0,0.0,0.0,0.0,0.0,0.9996241667594179,
2026-03-16,0.0,0.0,0.0,0.0,0.0,0.0,0.9996241667594179,
2026-03-17,0.0,0.0,0.0,0.0,0.0,0.0,0.9996241667594179,
2026-03-18,0.0,0.0,0.0,0.0,0.0,0.0,0.9996241667594179,
2026-03-19,0.0,0.0,0.0,0.0,0.0,0.0,0.9996241667594179,
2026-03-20,0.0,0.0,0.0,0.0,0.0,0.0,0.9996241667594179,
2026-03-23,0.0,0.0,0.0,0.0,0.0,0.0,0.9996241667594179,
2026-03-24,0.0,0.0,0.0,0.0,0.0,0.0,0.9996241667594179,
2026-03-25,0.0,0.0,0.0,0.0,0.0,0.0,0.9996241667594179,
2026-03-26,0.0,0.0,0.0,0.0,0.0,0.0,0.9996241667594179,
2026-03-27,0.0,0.0,0.0,0.0,0.0,0.0,0.9996241667594179,
2026-03-30,0.0,0.0,0.0,0.0,0.0,0.0,0.9996241667594179,
2026-03-31,0.0,0.0,0.0,0.0,0.0,0.0,0.9996241667594179,
2026-04-01,0.0,0.0,0.0,0.0,0.0,0.0,0.9996241667594179,
2026-04-02,0.0,0.0,0.0,0.0,0.0,0.0,0.9996241667594179,
2026-04-06,0.0,0.0,0.0,0.0,0.0,0.0,0.9996241667594179,
2026-04-07,0.0,0.0,0.0,0.0,0.0,0.0,0.9996241667594179,
2026-04-08,0.0,0.0,0.0,0.0,0.0,0.0,0.9996241667594179,
2026-04-09,0.0,0.0,0.0,0.0,0.0,0.0,0.9996241667594179,
2026-04-10,0.0,0.0,0.0,0.0,0.0,0.0,0.9996241667594179,
2026-04-13,0.0,0.0,0.0,0.0,0.0,0.0,0.9996241667594179,
2026-04-14,0.0,0.0,0.0,0.0,0.0,0.0,0.9996241667594179,
2026-04-15,0.0,0.0,0.0,0.0,0.0,0.0,0.9996241667594179,
2026-04-16,0.0,0.0,0.0,0.0,0.0,0.0,0.9996241667594179,
2026-04-17,0.0,0.0,0.0,0.0,0.0,0.0,0.9996241667594179,
2026-04-20,0.0,0.0,0.0,0.0,0.0,0.0,0.9996241667594179,
2026-04-21,0.0,0.0,0.0,0.0,0.0,0.0,0.9996241667594179,
2026-04-22,0.0,0.0,0.0,0.0,0.0,0.0,0.9996241667594179,
2026-04-23,0.0,0.0,0.0,0.0,0.0,0.0,0.9996241667594179,
2026-04-24,0.0,0.0,0.0,0.0,0.0,0.0,0.9996241667594179,
2026-04-27,0.0,0.0,0.0,0.0,0.0,0.0,0.9996241667594179,
2026-04-28,0.0,0.0,0.0,0.0,0.0,0.0,0.9996241667594179,
2026-04-29,0.0,0.0,0.0,0.0,0.0,0.0,0.9996241667594179,
2026-04-30,0.0,0.0,0.0,0.0,0.0,0.0,0.9996241667594179,
2026-05-01,0.0,0.0,0.0,0.0,0.0,0.0,0.9996241667594179,
2026-05-04,0.0,0.0,0.0,0.0,0.0,0.0,0.9996241667594179,
2026-05-05,0.0,0.0,0.0,0.0,0.0,0.0,0.9996241667594179,
2026-05-06,0.0,0.0,0.0,0.0,0.0,0.0,0.9996241667594179,
2026-05-07,0.0,0.0,0.0,0.0,0.0,0.0,0.9996241667594179,
2026-05-08,0.0,0.0,0.0,0.0,0.0,0.0,0.9996241667594179,
2026-05-11,0.0,0.0,0.0,0.0,0.0,0.0,0.9996241667594179,
2026-05-12,0.0,0.0,0.0,0.0,0.0,0.0,0.9996241667594179,
2026-05-13,0.0,0.0,0.0,0.0,0.0,0.0,0.9996241667594179,
2026-05-14,0.0,0.0,0.0,0.0,0.0,0.0,0.9996241667594179,
2026-05-15,0.0,0.0,0.0,0.0,0.0,0.0,0.9996241667594179,
2026-05-18,0.0,0.0,0.0,0.0,0.0,0.0,0.9996241667594179,
2026-05-19,0.0,0.0,0.0,0.0,0.0,0.0,0.9996241667594179,
2026-05-20,0.0,0.0,0.0,0.0,0.0,0.0,0.9996241667594179,
2026-05-21,0.0,0.0,0.0,0.0,0.0,0.0,0.9996241667594179,
2026-05-22,0.0,0.0,0.0,0.0,0.0,0.0,0.9996241667594179,
2026-05-26,0.0,0.0,0.0,0.0,0.0,0.0,0.9996241667594179,
2026-05-27,0.0,0.0,0.0,0.0,0.0,0.0,0.9996241667594179,
2026-05-28,0.0,0.0,0.0,0.0,0.0,0.0,0.9996241667594179,
2026-05-29,0.0,0.0,0.0,0.0,0.0,0.0,0.9996241667594179,
