date,gross_return,transaction_cost,borrow_cost,funding_cost,net_return,gross_leverage,equity_curve
2023-01-03,0.0,0.0,0.0,0.0,0.0,0.0,1.0
2023-01-04,0.0,0.0,0.0,0.0,0.0,0.0,1.0
2023-01-05,0.0,0.0,0.0,0.0,0.0,0.0,1.0
2023-01-06,0.0,0.0,0.0,0.0,0.0,0.0,1.0
2023-01-09,0.0,0.0,0.0,0.0,0.0,0.0,1.0
2023-01-10,0.0,0.0,0.0,0.0,0.0,0.0,1.0
2023-01-11,0.0,0.0,0.0,0.0,0.0,0.0,1.0
2023-01-12,0.0,0.0,0.0,0.0,0.0,0.0,1.0
2023-01-13,0.0,0.0,0.0,0.0,0.0,0.0,1.0
2023-01-16,0.0,0.0,0.0,0.0,0.0,0.0,1.0
2023-01-17,0.0,0.0,0.0,0.0,0.0,0.0,1.0
2023-01-18,0.0,0.0,0.0,0.0,0.0,0.0,1.0
2023-01-19,0.0,0.0,0.0,0.0,0.0,0.0,1.0
2023-01-20,0.0,0.0,0.0,0.0,0.0,0.0,1.0
2023-01-23,0.0,0.0,0.0,0.0,0.0,0.0,1.0
2023-01-24,0.0,0.0,0.0,0.0,0.0,0.0,1.0
2023-01-25,0.0,0.0,0.0,0.0,0.0,0.0,1.0
2023-01-26,0.0,0.0,0.0,0.0,0.0,0.0,1.0
2023-01-27,0.0,0.0,0.0,0.0,0.0,0.0,1.0
2023-01-30,0.0,0.0,0.0,0.0,0.0,0.0,1.0
2023-01-31,0.0,0.0,0.0,0.0,0.0,0.0,1.0
2023-02-01,0.0,0.0,0.0,0.0,0.0,0.0,1.0
2023-02-02,0.0,0.0,0.0,0.0,0.0,0.0,1.0
2023-02-03,0.0,0.0,0.0,0.0,0.0,0.0,1.0
2023-02-06,0.0,0.0,0.0,0.0,0.0,0.0,1.0
2023-02-07,0.0,0.0,0.0,0.0,0.0,0.0,1.0
2023-02-08,0.0,0.0,0.0,0.0,0.0,0.0,1.0
2023-02-09,0.0,0.0,0.0,0.0,0.0,0.0,1.0
2023-02-10,0.0,0.0,0.0,0.0,0.0,0.0,1.0
2023-02-13,0.0,0.0,0.0,0.0,0.0,0.0,1.0
2023-02-14,0.0,0.0,0.0,0.0,0.0,0.0,1.0
2023-02-15,0.0,0.0,0.0,0.0,0.0,0.0,1.0
2023-02-16,0.0,0.0,0.0,0.0,0.0,0.0,1.0
2023-02-17,0.0,0.0,0.0,0.0,0.0,0.0,1.0
2023-02-20,0.0,0.0,0.0,0.0,0.0,0.0,1.0
2023-02-21,0.0,0.0,0.0,0.0,0.0,0.0,1.0
2023-02-22,0.0,0.0,0.0,0.0,0.0,0.0,1.0
2023-02-23,0.0,0.0,0.0,0.0,0.0,0.0,1.0
2023-02-24,0.0,0.0,0.0,0.0,0.0,0.0,1.0
2023-02-27,0.0,0.0,0.0,0.0,0.0,0.0,1.0
2023-02-28,0.0,0.0,0.0,0.0,0.0,0.0,1.0
2023-03-01,0.0,0.0,0.0,0.0,0.0,0.0,1.0
2023-03-02,0.0,0.0,0.0,0.0,0.0,0.0,1.0
2023-03-03,0.0,0.0,0.0,0.0,0.0,0.0,1.0
2023-03-06,0.0,0.0,0.0,0.0,0.0,0.0,1.0
2023-03-07,0.0,0.0,0.0,0.0,0.0,0.0,1.0
2023-03-08,0.0,0.0,0.0,0.0,0.0,0.0,1.0
2023-03-09,0.0,0.0,0.0,0.0,0.0,0.0,1.0
2023-03-10,0.0,0.0,0.0,0.0,0.0,0.0,1.0
2023-03-13,0.0,0.0,0.0,0.0,0.0,0.0,1.0
2023-03-14,0.0,0.0,0.0,0.0,0.0,0.0,1.0
2023-03-15,0.0,0.0,0.0,0.0,0.0,0.0,1.0
2023-03-16,0.0,0.0,0.0,0.0,0.0,0.0,1.0
2023-03-17,0.0,0.0,0.0,0.0,0.0,0.0,1.0
2023-03-20,0.0,0.0,0.0,0.0,0.0,0.0,1.0
2023-03-21,0.0,0.0,0.0,0.0,0.0,0.0,1.0
2023-03-22,0.0,0.0,0.0,0.0,0.0,0.0,1.0
2023-03-23,0.0,0.0,0.0,0.0,0.0,0.0,1.0
2023-03-24,0.0,0.0,0.0,0.0,0.0,0.0,1.0
2023-03-27,0.0,0.0,0.0,0.0,0.0,0.0,1.0
2023-03-28,0.0,0.0,0.0,0.0,0.0,0.0,1.0
2023-03-29,0.0,0.0,0.0,0.0,0.0,0.0,1.0
2023-03-30,0.0,0.0,0.0,0.0,0.0,0.0,1.0
2023-03-31,0.0,0.0,0.0,0.0,0.0,0.0,1.0
2023-04-03,0.0,0.0,0.0,0.0,0.0,0.0,1.0
2023-04-04,0.0,0.0,0.0,0.0,0.0,0.0,1.0
2023-04-05,0.0,0.0,0.0,0.0,0.0,0.0,1.0
2023-04-06,0.0,0.0,0.0,0.0,0.0,0.0,1.0
2023-04-07,0.0,0.0,0.0,0.0,0.0,0.0,1.0
2023-04-10,0.0,0.0,0.0,0.0,0.0,0.0,1.0
2023-04-11,0.0,0.0,0.0,0.0,0.0,0.0,1.0
2023-04-12,0.0,0.0,0.0,0.0,0.0,0.0,1.0
2023-04-13,0.0,0.0,0.0,0.0,0.0,0.0,1.0
2023-04-14,0.0,0.0,0.0,0.0,0.0,0.0,1.0
2023-04-17,0.0,0.0,0.0,0.0,0.0,0.0,1.0
2023-04-18,0.0,0.0,0.0,0.0,0.0,0.0,1.0
2023-04-19,0.0,0.0,0.0,0.0,0.0,0.0,1.0
2023-04-20,0.0,0.0,0.0,0.0,0.0,0.0,1.0
2023-04-21,0.0,0.0,0.0,0.0,0.0,0.0,1.0
2023-04-24,0.0,0.0,0.0,0.0,0.0,0.0,1.0
2023-04-25,0.0,0.0,0.0,0.0,0.0,0.0,1.0
2023-04-26,0.0,0.0,0.0,0.0,0.0,0.0,1.0
2023-04-27,0.0,0.0,0.0,0.0,0.0,0.0,1.0
2023-04-28,0.0,0.0,0.0,0.0,0.0,0.0,1.0
2023-05-01,0.0,0.0,0.0,0.0,0.0,0.0,1.0
2023-05-02,0.0,0.0,0.0,0.0,0.0,0.0,1.0
2023-05-03,0.0,0.0,0.0,0.0,0.0,0.0,1.0
2023-05-04,0.0,0.0,0.0,0.0,0.0,0.0,1.0
2023-05-05,0.0,0.0,0.0,0.0,0.0,0.0,1.0
2023-05-08,0.0,0.0,0.0,0.0,0.0,0.0,1.0
2023-05-09,0.0,0.0,0.0,0.0,0.0,0.0,1.0
2023-05-10,0.0,0.0,0.0,0.0,0.0,0.0,1.0
2023-05-11,0.0,0.0,0.0,0.0,0.0,0.0,1.0
2023-05-12,0.0,0.0,0.0,0.0,0.0,0.0,1.0
2023-05-15,0.0,0.0,0.0,0.0,0.0,0.0,1.0
2023-05-16,0.0,0.0,0.0,0.0,0.0,0.0,1.0
2023-05-17,0.0,0.0,0.0,0.0,0.0,0.0,1.0
2023-05-18,0.0,0.0,0.0,0.0,0.0,0.0,1.0
2023-05-19,0.0,0.0,0.0,0.0,0.0,0.0,1.0
2023-05-22,0.0,0.0,0.0,0.0,0.0,0.0,1.0
2023-05-23,0.0,0.0,0.0,0.0,0.0,0.0,1.0
2023-05-24,0.0,0.0,0.0,0.0,0.0,0.0,1.0
2023-05-25,0.0,0.0,0.0,0.0,0.0,0.0,1.0
2023-05-26,0.0,0.0,0.0,0.0,0.0,0.0,1.0
2023-05-29,0.0,0.0,0.0,0.0,0.0,0.0,1.0
2023-05-30,0.0,0.0,0.0,0.0,0.0,0.0,1.0
2023-05-31,0.0,0.0,0.0,0.0,0.0,0.0,1.0
2023-06-01,0.0,0.0,0.0,0.0,0.0,0.0,1.0
2023-06-02,0.0,0.0,0.0,0.0,0.0,0.0,1.0
2023-06-05,0.0,0.0,0.0,0.0,0.0,0.0,1.0
2023-06-06,0.0,0.0,0.0,0.0,0.0,0.0,1.0
2023-06-07,0.0,0.0,0.0,0.0,0.0,0.0,1.0
2023-06-08,0.0,0.0,0.0,0.0,0.0,0.0,1.0
2023-06-09,0.0,0.0,0.0,0.0,0.0,0.0,1.0
2023-06-12,0.0,0.0,0.0,0.0,0.0,0.0,1.0
2023-06-13,0.0,0.0,0.0,0.0,0.0,0.0,1.0
2023-06-14,0.0,0.0,0.0,0.0,0.0,0.0,1.0
2023-06-15,0.0,0.0,0.0,0.0,0.0,0.0,1.0
2023-06-16,0.0,0.0,0.0,0.0,0.0,0.0,1.0
2023-06-19,0.0,0.0,0.0,0.0,0.0,0.0,1.0
2023-06-20,0.0,0.0,0.0,0.0,0.0,0.0,1.0
2023-06-21,0.0,0.0,0.0,0.0,0.0,0.0,1.0
2023-06-22,0.0,0.0,0.0,0.0,0.0,0.0,1.0
2023-06-23,0.0,0.0,0.0,0.0,0.0,0.0,1.0
2023-06-26,0.0,0.0,0.0,0.0,0.0,0.0,1.0
2023-06-27,0.0,0.0,0.0,0.0,0.0,0.0,1.0
2023-06-28,0.0,0.0,0.0,0.0,0.0,0.0,1.0
2023-06-29,0.0,0.0,0.0,0.0,0.0,0.0,1.0
2023-06-30,0.0,0.0,0.0,0.0,0.0,0.0,1.0
2023-07-03,0.0,0.0,0.0,0.0,0.0,0.0,1.0
2023-07-04,0.0,0.0,0.0,0.0,0.0,0.0,1.0
2023-07-05,0.0,0.0,0.0,0.0,0.0,0.0,1.0
2023-07-06,0.0,0.0,0.0,0.0,0.0,0.0,1.0
2023-07-07,0.0,0.0,0.0,0.0,0.0,0.0,1.0
2023-07-10,0.0,0.0,0.0,0.0,0.0,0.0,1.0
2023-07-11,0.0,0.0,0.0,0.0,0.0,0.0,1.0
2023-07-12,0.0,0.0,0.0,0.0,0.0,0.0,1.0
2023-07-13,0.0,0.0,0.0,0.0,0.0,0.0,1.0
2023-07-14,0.0,0.0,0.0,0.0,0.0,0.0,1.0
2023-07-17,0.0,0.0,0.0,0.0,0.0,0.0,1.0
2023-07-18,0.0,0.0,0.0,0.0,0.0,0.0,1.0
2023-07-19,0.0,0.0,0.0,0.0,0.0,0.0,1.0
2023-07-20,0.0,0.0,0.0,0.0,0.0,0.0,1.0
2023-07-21,0.0,0.0,0.0,0.0,0.0,0.0,1.0
2023-07-24,0.0,0.0,0.0,0.0,0.0,0.0,1.0
2023-07-25,0.0,0.0,0.0,0.0,0.0,0.0,1.0
2023-07-26,0.0,0.0,0.0,0.0,0.0,0.0,1.0
2023-07-27,0.0,0.0,0.0,0.0,0.0,0.0,1.0
2023-07-28,0.0,0.0,0.0,0.0,0.0,0.0,1.0
2023-07-31,0.0,0.0,0.0,0.0,0.0,0.0,1.0
2023-08-01,0.0,0.0,0.0,0.0,0.0,0.0,1.0
2023-08-02,0.0,0.0,0.0,0.0,0.0,0.0,1.0
2023-08-03,0.0,0.0,0.0,0.0,0.0,0.0,1.0
2023-08-04,0.0,5.180704252379729e-05,0.0,0.0,-5.180704252379729e-05,0.0,0.9999481929574762
2023-08-07,-1.8109426926981708e-05,1.987051609527363e-06,0.0,0.0,-2.009647853650907e-05,0.03453802834919819,0.9999280975200787
2023-08-08,-2.624691123638079e-05,4.981999091426993e-05,0.0,0.0,-7.606690215065072e-05,0.03321332727617995,0.999852036087327
2023-08-09,0.0,0.0,0.0,0.0,0.0,0.0,0.999852036087327
2023-08-10,0.0,0.0,0.0,0.0,0.0,0.0,0.999852036087327
2023-08-11,0.0,0.0,0.0,0.0,0.0,0.0,0.999852036087327
2023-08-14,0.0,0.0,0.0,0.0,0.0,0.0,0.999852036087327
2023-08-15,0.0,0.0,0.0,0.0,0.0,0.0,0.999852036087327
2023-08-16,0.0,0.0,0.0,0.0,0.0,0.0,0.999852036087327
2023-08-17,0.0,0.0,0.0,0.0,0.0,0.0,0.999852036087327
2023-08-18,0.0,0.0,0.0,0.0,0.0,0.0,0.999852036087327
2023-08-21,0.0,0.0,0.0,0.0,0.0,0.0,0.999852036087327
2023-08-22,0.0,5.6260878821815437e-05,0.0,0.0,-5.6260878821815437e-05,0.0,0.999795783533085
2023-08-23,-0.0003210623108418948,3.084541892569665e-06,1.3078875196226545e-06,0.0,-0.0003254547402540871,0.03750725254787696,0.999470395256048
2023-08-24,-0.0002131820264758883,5.543983775498471e-07,1.2501537839444213e-06,0.0,-0.00021498657863738257,0.036756034621991146,0.9992555225353226
2023-08-25,-8.331453786550814e-05,5.466200059043911e-05,1.22997875861383e-06,0.0,-0.0001392065172145611,0.03644133372695941,0.999116419654223
2023-08-28,0.0,0.0,0.0,0.0,0.0,0.0,0.999116419654223
2023-08-29,0.0,0.0,0.0,0.0,0.0,0.0,0.999116419654223
2023-08-30,0.0,0.0,0.0,0.0,0.0,0.0,0.999116419654223
2023-08-31,0.0,0.0,0.0,0.0,0.0,0.0,0.999116419654223
2023-09-01,0.0,0.0,0.0,0.0,0.0,0.0,0.999116419654223
2023-09-04,0.0,5.7489526712956566e-05,0.0,0.0,-5.7489526712956566e-05,0.0,0.999058980924126
2023-09-05,-0.00029093643921149583,3.1349106942453256e-06,1.2983514535040559e-06,0.0,-0.00029536970135924523,0.03832635114197105,0.9987638891712902
2023-09-06,-0.00031497590730175597,7.328364524079269e-07,1.2312236738123124e-06,0.0,-0.0003169399674279762,0.036922282128280755,0.998447340976788
2023-09-07,-0.0003196871052383061,7.890931289283924e-07,1.2216031144352936e-06,0.0,-0.0003216978014816698,0.03643372449334213,0.9981261426623005
2023-09-08,-0.0002856676877251392,1.228872590879327e-06,1.2051891532356745e-06,0.0,-0.00028810174946925415,0.035907662407389865,0.9978385807744085
2023-09-11,-0.0002651158731327071,7.26294340017707e-07,1.188213757786488e-06,0.0,-0.00026703038123051127,0.03508841401347032,0.9975721275577777
2023-09-12,-0.00017050975752519882,5.190632668018777e-05,1.1809643722157833e-06,0.0,-0.00022359704857760238,0.03460421778679185,0.9973490733743126
2023-09-13,0.0,0.0,0.0,0.0,0.0,0.0,0.9973490733743126
2023-09-14,0.0,0.0,0.0,0.0,0.0,0.0,0.9973490733743126
2023-09-15,0.0,0.0,0.0,0.0,0.0,0.0,0.9973490733743126
2023-09-18,0.0,0.0,0.0,0.0,0.0,0.0,0.9973490733743126
2023-09-19,0.0,0.0,0.0,0.0,0.0,0.0,0.9973490733743126
2023-09-20,0.0,0.0,0.0,0.0,0.0,0.0,0.9973490733743126
2023-09-21,0.0,0.0,0.0,0.0,0.0,0.0,0.9973490733743126
2023-09-22,0.0,0.0,0.0,0.0,0.0,0.0,0.9973490733743126
2023-09-25,0.0,0.0,0.0,0.0,0.0,0.0,0.9973490733743126
2023-09-26,0.0,0.0,0.0,0.0,0.0,0.0,0.9973490733743126
2023-09-27,0.0,0.0,0.0,0.0,0.0,0.0,0.9973490733743126
2023-09-28,0.0,0.0,0.0,0.0,0.0,0.0,0.9973490733743126
2023-09-29,0.0,5.480385984127797e-05,0.0,0.0,-5.480385984127797e-05,0.0,0.9972944147954825
2023-10-02,-3.062961796656229e-05,1.9362994665310053e-06,6.510320787297969e-07,0.0,-3.321694951182309e-05,0.03653590656085198,0.9972612877172579
2023-10-03,8.730891806241054e-06,1.6208495359286384e-06,6.412887340286399e-07,0.0,6.468753536283775e-06,0.035245040249831314,0.9972677387547395
2023-10-04,-0.0001464365920939547,9.005627741490852e-07,6.241542685067264e-07,0.0,-0.00014796130913661052,0.03416447389254555,0.9971201817145536
2023-10-05,-0.000173676486075927,2.754210442565907e-06,6.195390639737876e-07,0.0,-0.0001770502355824667,0.0335640987097795,0.9969436413514771
2023-10-06,-3.767658759808099e-05,2.939212258086038e-06,6.801591119334019e-07,0.0,-4.129595896810043e-05,0.03274637522045708,0.9969024716077703
2023-10-09,-1.3407271051930225e-05,1.0752311369490102e-06,5.911272073316942e-07,0.0,-1.5073629396210928e-05,0.03078690038173305,0.9968874446693692
2023-10-10,-8.937304369398564e-05,4.5234917879870313e-07,6.072364071593677e-07,0.0,-9.043262927994371e-05,0.03034071418087196,0.9967972935166515
2023-10-11,3.4503868449589916e-05,1.4815532306977683e-06,6.067389982826775e-07,0.0,3.241557622060947e-05,0.030039148061672825,0.996829605275296
2023-10-12,-3.793519460075864e-05,4.162566074157291e-07,5.684684892513555e-07,0.0,-3.8919919697425724e-05,0.029051445907874313,0.9967908087471067
2023-10-13,-9.464406158433939e-05,5.760965101806606e-07,5.575543580978274e-07,0.0,-9.577771245261787e-05,0.028773941502930493,0.9966953384036511
2023-10-16,-0.0001579588587374614,1.5020330728798774e-06,5.555914007776124e-07,0.0,-0.0001600164832111189,0.02838987716281005,0.9965358507207669
2023-10-17,-0.00014312321247574502,1.1987956160413221e-06,6.004800669977947e-07,0.0,-0.00014492248815878417,0.028142651373389196,0.9963914302657411
2023-10-18,-3.9358323201621626e-05,1.5145726780634604e-06,6.093086261407431e-07,0.0,-4.148220450582583e-05,0.02749177408962985,0.9963500977526629
2023-10-19,7.165293429130464e-05,3.972308845638132e-05,5.747284852466313e-07,0.0,3.135511734967669e-05,0.026482058970920874,0.9963813384268992
2023-10-20,0.0,0.0,0.0,0.0,0.0,0.0,0.9963813384268992
2023-10-23,0.0,0.0,0.0,0.0,0.0,0.0,0.9963813384268992
2023-10-24,0.0,0.0,0.0,0.0,0.0,0.0,0.9963813384268992
2023-10-25,0.0,0.0,0.0,0.0,0.0,0.0,0.9963813384268992
2023-10-26,0.0,0.0,0.0,0.0,0.0,0.0,0.9963813384268992
2023-10-27,0.0,3.7319321267388804e-05,0.0,0.0,-3.7319321267388804e-05,0.0,0.9963441541516257
2023-10-30,-0.00016277188576863138,2.1873010884570394e-06,5.349459532847911e-07,0.0,-0.0001654941328103732,0.024879547511592534,0.9961792650398537
2023-10-31,-6.146706964795109e-05,1.176995055999937e-06,4.419586731234919e-07,0.0,-6.308602337707451e-05,0.02342134678595451,0.9961164200514515
2023-11-01,-6.937341748130815e-05,1.2680282800734997e-06,3.985498086878954e-07,0.0,-7.103999557006955e-05,0.022636683415287885,0.9960456559453837
2023-11-02,9.002882496989303e-06,3.471059217677258e-05,4.788512108273498e-07,0.0,-2.618656089061063e-05,0.023140394784515052,0.9960195729351645
2023-11-03,0.0,0.0,0.0,0.0,0.0,0.0,0.9960195729351645
2023-11-06,0.0,0.0,0.0,0.0,0.0,0.0,0.9960195729351645
2023-11-07,0.0,0.0,0.0,0.0,0.0,0.0,0.9960195729351645
2023-11-08,0.0,0.0,0.0,0.0,0.0,0.0,0.9960195729351645
2023-11-09,0.0,0.0,0.0,0.0,0.0,0.0,0.9960195729351645
2023-11-10,0.0,0.0,0.0,0.0,0.0,0.0,0.9960195729351645
2023-11-13,0.0,0.0,0.0,0.0,0.0,0.0,0.9960195729351645
2023-11-14,0.0,0.0,0.0,0.0,0.0,0.0,0.9960195729351645
2023-11-15,0.0,0.0,0.0,0.0,0.0,0.0,0.9960195729351645
2023-11-16,0.0,0.0,0.0,0.0,0.0,0.0,0.9960195729351645
2023-11-17,0.0,0.0,0.0,0.0,0.0,0.0,0.9960195729351645
2023-11-20,0.0,0.0,0.0,0.0,0.0,0.0,0.9960195729351645
2023-11-21,0.0,0.0,0.0,0.0,0.0,0.0,0.9960195729351645
2023-11-22,0.0,0.0,0.0,0.0,0.0,0.0,0.9960195729351645
2023-11-23,0.0,0.0,0.0,0.0,0.0,0.0,0.9960195729351645
2023-11-24,0.0,0.0,0.0,0.0,0.0,0.0,0.9960195729351645
2023-11-27,0.0,0.0,0.0,0.0,0.0,0.0,0.9960195729351645
2023-11-28,0.0,0.0,0.0,0.0,0.0,0.0,0.9960195729351645
2023-11-29,0.0,0.0,0.0,0.0,0.0,0.0,0.9960195729351645
2023-11-30,0.0,0.0,0.0,0.0,0.0,0.0,0.9960195729351645
2023-12-01,0.0,0.0,0.0,0.0,0.0,0.0,0.9960195729351645
2023-12-04,0.0,0.0,0.0,0.0,0.0,0.0,0.9960195729351645
2023-12-05,0.0,0.0,0.0,0.0,0.0,0.0,0.9960195729351645
2023-12-06,0.0,0.0,0.0,0.0,0.0,0.0,0.9960195729351645
2023-12-07,0.0,0.0,0.0,0.0,0.0,0.0,0.9960195729351645
2023-12-08,0.0,0.0,0.0,0.0,0.0,0.0,0.9960195729351645
2023-12-11,0.0,0.0,0.0,0.0,0.0,0.0,0.9960195729351645
2023-12-12,0.0,0.0,0.0,0.0,0.0,0.0,0.9960195729351645
2023-12-13,0.0,0.0,0.0,0.0,0.0,0.0,0.9960195729351645
2023-12-14,0.0,0.0,0.0,0.0,0.0,0.0,0.9960195729351645
2023-12-15,0.0,0.0,0.0,0.0,0.0,0.0,0.9960195729351645
2023-12-18,0.0,0.0,0.0,0.0,0.0,0.0,0.9960195729351645
2023-12-19,0.0,0.0,0.0,0.0,0.0,0.0,0.9960195729351645
2023-12-20,0.0,0.0,0.0,0.0,0.0,0.0,0.9960195729351645
2023-12-21,0.0,0.0,0.0,0.0,0.0,0.0,0.9960195729351645
2023-12-22,0.0,0.0,0.0,0.0,0.0,0.0,0.9960195729351645
2023-12-25,0.0,0.0,0.0,0.0,0.0,0.0,0.9960195729351645
2023-12-26,0.0,0.0,0.0,0.0,0.0,0.0,0.9960195729351645
2023-12-27,0.0,0.0,0.0,0.0,0.0,0.0,0.9960195729351645
2023-12-28,0.0,0.0,0.0,0.0,0.0,0.0,0.9960195729351645
2023-12-29,0.0,0.0,0.0,0.0,0.0,0.0,0.9960195729351645
2024-01-01,0.0,0.0,0.0,0.0,0.0,0.0,0.9960195729351645
2024-01-02,0.0,0.0,0.0,0.0,0.0,0.0,0.9960195729351645
2024-01-03,0.0,0.0,0.0,0.0,0.0,0.0,0.9960195729351645
2024-01-04,0.0,0.0,0.0,0.0,0.0,0.0,0.9960195729351645
2024-01-05,0.0,0.0,0.0,0.0,0.0,0.0,0.9960195729351645
2024-01-08,0.0,0.0,0.0,0.0,0.0,0.0,0.9960195729351645
2024-01-09,0.0,0.0,0.0,0.0,0.0,0.0,0.9960195729351645
2024-01-10,0.0,0.0,0.0,0.0,0.0,0.0,0.9960195729351645
2024-01-11,0.0,0.0,0.0,0.0,0.0,0.0,0.9960195729351645
2024-01-12,0.0,0.0,0.0,0.0,0.0,0.0,0.9960195729351645
2024-01-15,0.0,0.0,0.0,0.0,0.0,0.0,0.9960195729351645
2024-01-16,0.0,0.0,0.0,0.0,0.0,0.0,0.9960195729351645
2024-01-17,0.0,0.0,0.0,0.0,0.0,0.0,0.9960195729351645
2024-01-18,0.0,0.0,0.0,0.0,0.0,0.0,0.9960195729351645
2024-01-19,0.0,0.0,0.0,0.0,0.0,0.0,0.9960195729351645
2024-01-22,0.0,0.0,0.0,0.0,0.0,0.0,0.9960195729351645
2024-01-23,0.0,0.0,0.0,0.0,0.0,0.0,0.9960195729351645
2024-01-24,0.0,0.0,0.0,0.0,0.0,0.0,0.9960195729351645
2024-01-25,0.0,0.0,0.0,0.0,0.0,0.0,0.9960195729351645
2024-01-26,0.0,0.0,0.0,0.0,0.0,0.0,0.9960195729351645
2024-01-29,0.0,0.0,0.0,0.0,0.0,0.0,0.9960195729351645
2024-01-30,0.0,0.0,0.0,0.0,0.0,0.0,0.9960195729351645
2024-01-31,0.0,0.0,0.0,0.0,0.0,0.0,0.9960195729351645
2024-02-01,0.0,0.0,0.0,0.0,0.0,0.0,0.9960195729351645
2024-02-02,0.0,0.0,0.0,0.0,0.0,0.0,0.9960195729351645
2024-02-05,0.0,0.0,0.0,0.0,0.0,0.0,0.9960195729351645
2024-02-06,0.0,0.0,0.0,0.0,0.0,0.0,0.9960195729351645
2024-02-07,0.0,0.0,0.0,0.0,0.0,0.0,0.9960195729351645
2024-02-08,0.0,0.0,0.0,0.0,0.0,0.0,0.9960195729351645
2024-02-09,0.0,0.0,0.0,0.0,0.0,0.0,0.9960195729351645
2024-02-12,0.0,0.0,0.0,0.0,0.0,0.0,0.9960195729351645
2024-02-13,0.0,0.0,0.0,0.0,0.0,0.0,0.9960195729351645
2024-02-14,0.0,0.0,0.0,0.0,0.0,0.0,0.9960195729351645
2024-02-15,0.0,0.0,0.0,0.0,0.0,0.0,0.9960195729351645
2024-02-16,0.0,0.0,0.0,0.0,0.0,0.0,0.9960195729351645
2024-02-19,0.0,0.0,0.0,0.0,0.0,0.0,0.9960195729351645
2024-02-20,0.0,0.0,0.0,0.0,0.0,0.0,0.9960195729351645
2024-02-21,0.0,0.0,0.0,0.0,0.0,0.0,0.9960195729351645
2024-02-22,0.0,0.0,0.0,0.0,0.0,0.0,0.9960195729351645
2024-02-23,0.0,0.0,0.0,0.0,0.0,0.0,0.9960195729351645
2024-02-26,0.0,5.271836585006416e-05,0.0,0.0,-5.271836585006416e-05,0.0,0.9959670644109246
2024-02-27,4.171168983773738e-05,5.271836585006416e-05,1.3202730340227298e-06,0.0,-1.2326949046349503e-05,0.03514557723337611,0.9959547871756698
2024-02-28,0.0,0.0,0.0,0.0,0.0,0.0,0.9959547871756698
2024-02-29,0.0,0.0,0.0,0.0,0.0,0.0,0.9959547871756698
2024-03-01,0.0,0.0,0.0,0.0,0.0,0.0,0.9959547871756698
2024-03-04,0.0,0.0,0.0,0.0,0.0,0.0,0.9959547871756698
2024-03-05,0.0,0.0,0.0,0.0,0.0,0.0,0.9959547871756698
2024-03-06,0.0,0.0,0.0,0.0,0.0,0.0,0.9959547871756698
2024-03-07,0.0,0.0,0.0,0.0,0.0,0.0,0.9959547871756698
2024-03-08,0.0,0.0,0.0,0.0,0.0,0.0,0.9959547871756698
2024-03-11,0.0,0.0,0.0,0.0,0.0,0.0,0.9959547871756698
2024-03-12,0.0,0.0,0.0,0.0,0.0,0.0,0.9959547871756698
2024-03-13,0.0,0.0,0.0,0.0,0.0,0.0,0.9959547871756698
2024-03-14,0.0,0.0,0.0,0.0,0.0,0.0,0.9959547871756698
2024-03-15,0.0,0.0,0.0,0.0,0.0,0.0,0.9959547871756698
2024-03-18,0.0,0.0,0.0,0.0,0.0,0.0,0.9959547871756698
2024-03-19,0.0,5.5356001792639255e-05,0.0,0.0,-5.5356001792639255e-05,0.0,0.9958996551006855
2024-03-20,-4.236604473586763e-05,3.2868558677352055e-06,1.264491083260344e-06,0.0,-4.6917391686863185e-05,0.036904001195092836,0.9958529300864863
2024-03-21,-6.179924424628164e-05,1.828810882702535e-06,1.2069946099951202e-06,0.0,-6.483504973897929e-05,0.03471276394993604,0.9957883639122315
2024-03-22,-0.00011472626661599603,9.085631602949376e-07,1.2315141034518686e-06,0.0,-0.00011686634387974284,0.03593197120507106,0.995671989766863
2024-03-25,2.4864038983336474e-05,5.480651996790152e-05,1.2474484298767227e-06,0.0,-3.118992941444177e-05,0.036537679978601016,0.9956409348277823
2024-03-26,0.0,0.0,0.0,0.0,0.0,0.0,0.9956409348277823
2024-03-27,0.0,0.0,0.0,0.0,0.0,0.0,0.9956409348277823
2024-03-28,0.0,5.8206029744085766e-05,0.0,0.0,-5.8206029744085766e-05,0.0,0.9955829825219152
2024-03-29,-0.0001499285225153647,2.9372186695531065e-06,1.301475841282257e-06,0.0,-0.00015416721702620007,0.03880401982939051,0.9954294962641812
2024-04-01,-7.670811041913308e-05,1.2754395420219163e-06,1.2308349874407628e-06,0.0,-7.921438494859575e-05,0.03696414790867713,0.995350643928875
2024-04-02,-0.00014374317303001395,3.9930640487500253e-07,1.2114169430108764e-06,0.0,-0.0001453538963778998,0.036113854880662516,0.9952059658345176
2024-04-03,-0.00011389644017739382,9.931232320481503e-07,1.2129038742711608e-06,0.0,-0.00011610246728371314,0.035993874875185086,0.9950904199664288
2024-04-04,6.27057384423938e-06,5.319788702018814e-05,1.1933652838335603e-06,0.0,-4.8120678459782326e-05,0.03546525801345876,0.9950425355402911
2024-04-05,0.0,0.0,0.0,0.0,0.0,0.0,0.9950425355402911
2024-04-08,0.0,0.0,0.0,0.0,0.0,0.0,0.9950425355402911
2024-04-09,0.0,0.0,0.0,0.0,0.0,0.0,0.9950425355402911
2024-04-10,0.0,0.0,0.0,0.0,0.0,0.0,0.9950425355402911
2024-04-11,0.0,5.52391927705865e-05,0.0,0.0,-5.52391927705865e-05,0.0,0.9949875701938554
2024-04-12,-0.00023455646496656235,1.1290022970011173e-06,1.2667869668402535e-06,0.0,-0.00023695225423040373,0.036826128513724334,0.9947518056461668
2024-04-15,-0.00021279170771532427,2.00319063486682e-06,1.2524775950472888e-06,0.0,-0.00021604737594523837,0.036536972523918174,0.9945368921288401
2024-04-16,-4.3917312395600877e-05,5.280226815101044e-05,1.2292931633012823e-06,0.0,-9.79488737099126e-05,0.035201512100673626,0.9944394783603931
2024-04-17,0.0,0.0,0.0,0.0,0.0,0.0,0.9944394783603931
2024-04-18,0.0,0.0,0.0,0.0,0.0,0.0,0.9944394783603931
2024-04-19,0.0,0.0,0.0,0.0,0.0,0.0,0.9944394783603931
2024-04-22,0.0,0.0,0.0,0.0,0.0,0.0,0.9944394783603931
2024-04-23,0.0,0.0,0.0,0.0,0.0,0.0,0.9944394783603931
2024-04-24,0.0,0.0,0.0,0.0,0.0,0.0,0.9944394783603931
2024-04-25,0.0,5.712549457506693e-05,0.0,0.0,-5.712549457506693e-05,0.0,0.9943826705133668
2024-04-26,-0.00021189577112846824,2.2699424669416433e-06,1.3550800355180287e-06,0.0,-0.00021552079363092793,0.03808366305004462,0.994168360371045
2024-04-29,-0.00022548079795823626,6.37625566561409e-07,1.2973877000419194e-06,0.0,-0.0002274158112248396,0.03657036807208352,0.993942270766877
2024-04-30,-0.00011820814720607547,8.255179729254387e-07,1.2821869223877075e-06,0.0,-0.00012031585210138861,0.036145284361042584,0.9938226837556301
2024-05-01,-0.00023636072671619795,2.2951019608606847e-07,1.28233809260736e-06,0.0,-0.0002378725750048914,0.036695629676326204,0.993586280594747
2024-05-02,-0.0002239938079585687,1.5306192516469613e-06,1.280787887636388e-06,0.0,-0.00022680521509785205,0.0365426228789355,0.9933609300446584
2024-05-03,-0.00017541250118396478,1.0509687311545998e-06,1.259838949810354e-06,0.0,-0.00017772330886492972,0.036250078216065185,0.9931843866532738
2024-05-06,-0.00011189215976474274,5.332414859294318e-05,1.246528424928811e-06,0.0,-0.00016646283678261472,0.035549432395295455,0.9930190583628233
2024-05-07,0.0,0.0,0.0,0.0,0.0,0.0,0.9930190583628233
2024-05-08,0.0,0.0,0.0,0.0,0.0,0.0,0.9930190583628233
2024-05-09,0.0,0.0,0.0,0.0,0.0,0.0,0.9930190583628233
2024-05-10,0.0,0.0,0.0,0.0,0.0,0.0,0.9930190583628233
2024-05-13,0.0,0.0,0.0,0.0,0.0,0.0,0.9930190583628233
2024-05-14,0.0,0.0,0.0,0.0,0.0,0.0,0.9930190583628233
2024-05-15,0.0,0.0,0.0,0.0,0.0,0.0,0.9930190583628233
2024-05-16,0.0,0.0,0.0,0.0,0.0,0.0,0.9930190583628233
2024-05-17,0.0,0.0,0.0,0.0,0.0,0.0,0.9930190583628233
2024-05-20,0.0,0.0,0.0,0.0,0.0,0.0,0.9930190583628233
2024-05-21,0.0,0.0,0.0,0.0,0.0,0.0,0.9930190583628233
2024-05-22,0.0,0.0,0.0,0.0,0.0,0.0,0.9930190583628233
2024-05-23,0.0,0.0,0.0,0.0,0.0,0.0,0.9930190583628233
2024-05-24,0.0,0.0,0.0,0.0,0.0,0.0,0.9930190583628233
2024-05-27,0.0,0.0,0.0,0.0,0.0,0.0,0.9930190583628233
2024-05-28,0.0,0.0,0.0,0.0,0.0,0.0,0.9930190583628233
2024-05-29,0.0,0.0,0.0,0.0,0.0,0.0,0.9930190583628233
2024-05-30,0.0,6.350644607443188e-05,0.0,0.0,-6.350644607443188e-05,0.0,0.9929559952515425
2024-05-31,7.840411299881197e-06,3.0849974881268287e-06,5.101225568574322e-07,0.0,4.2452912548969355e-06,0.042337630716287926,0.9929602106389458
2024-06-03,-0.00025350115923078345,3.1974437642220997e-06,5.293417888450442e-07,0.0,-0.0002572279447838506,0.040603848821595255,0.992704793524711
2024-06-04,-0.0003480451815901727,4.988281330094022e-06,5.414053154686249e-07,0.0,-0.00035357486823573537,0.04273547799774332,0.9923537980581435
2024-06-05,-0.00045359403337490867,5.272033765724662e-06,5.070074109599381e-07,0.0,-0.00045937307455159326,0.03940995711101397,0.9918979374428866
2024-06-06,-0.00013628313770240315,5.876580020823172e-06,4.463041275831193e-07,0.0,-0.00014260602185080945,0.035895267933864196,0.9917564868239458
2024-06-07,-0.00023012916635280954,1.1989267825966594e-06,4.0791309701813414e-07,0.0,-0.00023173600623242434,0.03197754791998208,0.9915266611365342
2024-06-10,-0.00014933011546186471,2.2142761502653058e-06,4.422979279796033e-07,0.0,-0.00015198668954010964,0.03175592855840366,0.9913759622817173
2024-06-11,-0.00016124324870608826,1.2113314793984173e-06,4.114481654011435e-07,0.0,-0.0001628660283508878,0.030279744458226787,0.9912145008161379
2024-06-12,-0.0002833707020737386,5.87056064936463e-07,3.8648244704470247e-07,0.0,-0.00028434424058571976,0.02947219013862784,0.9909326546816458
2024-06-13,-0.00024934734316980206,2.418950967996327e-06,4.0841827864120754e-07,0.0,-0.00025217471241643956,0.02944934139949149,0.9906827665244274
2024-06-14,-0.00013193933427158215,1.474609411237577e-06,4.418745473565266e-07,0.0,-0.00013385581823017624,0.028398772735244632,0.9905501578721078
2024-06-17,-9.818000406215048e-05,3.5226015202628097e-07,4.6242888423338026e-07,0.0,-9.899469309841013e-05,0.02776101265395072,0.9904520986632307
2024-06-18,-2.2214953282753453e-05,4.12892588288998e-05,4.6046089362834735e-07,0.0,-6.39646730052816e-05,0.027526172552599867,0.9903887447186123
2024-06-19,0.0,0.0,0.0,0.0,0.0,0.0,0.9903887447186123
2024-06-20,0.0,0.0,0.0,0.0,0.0,0.0,0.9903887447186123
2024-06-21,0.0,0.0,0.0,0.0,0.0,0.0,0.9903887447186123
2024-06-24,0.0,0.0,0.0,0.0,0.0,0.0,0.9903887447186123
2024-06-25,0.0,0.0,0.0,0.0,0.0,0.0,0.9903887447186123
2024-06-26,0.0,0.0,0.0,0.0,0.0,0.0,0.9903887447186123
2024-06-27,0.0,0.0,0.0,0.0,0.0,0.0,0.9903887447186123
2024-06-28,0.0,0.0,0.0,0.0,0.0,0.0,0.9903887447186123
2024-07-01,0.0,0.0,0.0,0.0,0.0,0.0,0.9903887447186123
2024-07-02,0.0,0.0,0.0,0.0,0.0,0.0,0.9903887447186123
2024-07-03,0.0,0.0,0.0,0.0,0.0,0.0,0.9903887447186123
2024-07-04,0.0,0.0,0.0,0.0,0.0,0.0,0.9903887447186123
2024-07-05,0.0,0.0,0.0,0.0,0.0,0.0,0.9903887447186123
2024-07-08,0.0,0.0,0.0,0.0,0.0,0.0,0.9903887447186123
2024-07-09,0.0,0.0,0.0,0.0,0.0,0.0,0.9903887447186123
2024-07-10,0.0,0.0,0.0,0.0,0.0,0.0,0.9903887447186123
2024-07-11,0.0,0.0,0.0,0.0,0.0,0.0,0.9903887447186123
2024-07-12,0.0,0.0,0.0,0.0,0.0,0.0,0.9903887447186123
2024-07-15,0.0,0.0,0.0,0.0,0.0,0.0,0.9903887447186123
2024-07-16,0.0,0.0,0.0,0.0,0.0,0.0,0.9903887447186123
2024-07-17,0.0,0.0,0.0,0.0,0.0,0.0,0.9903887447186123
2024-07-18,0.0,0.0,0.0,0.0,0.0,0.0,0.9903887447186123
2024-07-19,0.0,0.0,0.0,0.0,0.0,0.0,0.9903887447186123
2024-07-22,0.0,0.0,0.0,0.0,0.0,0.0,0.9903887447186123
2024-07-23,0.0,0.0,0.0,0.0,0.0,0.0,0.9903887447186123
2024-07-24,0.0,0.0,0.0,0.0,0.0,0.0,0.9903887447186123
2024-07-25,0.0,0.0,0.0,0.0,0.0,0.0,0.9903887447186123
2024-07-26,0.0,0.0,0.0,0.0,0.0,0.0,0.9903887447186123
2024-07-29,0.0,0.0,0.0,0.0,0.0,0.0,0.9903887447186123
2024-07-30,0.0,0.0,0.0,0.0,0.0,0.0,0.9903887447186123
2024-07-31,0.0,0.0,0.0,0.0,0.0,0.0,0.9903887447186123
2024-08-01,0.0,0.0,0.0,0.0,0.0,0.0,0.9903887447186123
2024-08-02,0.0,0.0,0.0,0.0,0.0,0.0,0.9903887447186123
2024-08-05,0.0,0.0,0.0,0.0,0.0,0.0,0.9903887447186123
2024-08-06,0.0,0.0,0.0,0.0,0.0,0.0,0.9903887447186123
2024-08-07,0.0,4.756006181709775e-05,0.0,0.0,-4.756006181709775e-05,0.0,0.9903416417686906
2024-08-08,5.2648305448746335e-05,4.756006181709775e-05,1.1014346722711602e-06,0.0,3.986808959377423e-06,0.03170670787806517,0.9903455900716208
2024-08-09,0.0,0.0,0.0,0.0,0.0,0.0,0.9903455900716208
2024-08-12,0.0,0.0,0.0,0.0,0.0,0.0,0.9903455900716208
2024-08-13,0.0,0.0,0.0,0.0,0.0,0.0,0.9903455900716208
2024-08-14,0.0,0.0,0.0,0.0,0.0,0.0,0.9903455900716208
2024-08-15,0.0,0.0,0.0,0.0,0.0,0.0,0.9903455900716208
2024-08-16,0.0,0.0,0.0,0.0,0.0,0.0,0.9903455900716208
2024-08-19,0.0,0.0,0.0,0.0,0.0,0.0,0.9903455900716208
2024-08-20,0.0,0.0,0.0,0.0,0.0,0.0,0.9903455900716208
2024-08-21,0.0,0.0,0.0,0.0,0.0,0.0,0.9903455900716208
2024-08-22,0.0,0.0,0.0,0.0,0.0,0.0,0.9903455900716208
2024-08-23,0.0,0.0,0.0,0.0,0.0,0.0,0.9903455900716208
2024-08-26,0.0,0.0,0.0,0.0,0.0,0.0,0.9903455900716208
2024-08-27,0.0,0.0,0.0,0.0,0.0,0.0,0.9903455900716208
2024-08-28,0.0,0.0,0.0,0.0,0.0,0.0,0.9903455900716208
2024-08-29,0.0,0.0,0.0,0.0,0.0,0.0,0.9903455900716208
2024-08-30,0.0,0.0,0.0,0.0,0.0,0.0,0.9903455900716208
2024-09-02,0.0,0.0,0.0,0.0,0.0,0.0,0.9903455900716208
2024-09-03,0.0,0.0,0.0,0.0,0.0,0.0,0.9903455900716208
2024-09-04,0.0,0.0,0.0,0.0,0.0,0.0,0.9903455900716208
2024-09-05,0.0,5.861627327261459e-05,0.0,0.0,-5.861627327261459e-05,0.0,0.9902875397038788
2024-09-06,-0.00024159561233027808,1.8495093090755386e-06,1.3495806731360183e-06,0.0,-0.00024479470231248963,0.039077515515076384,0.9900451225603932
2024-09-09,-0.00039559126408440114,1.5702482195419604e-06,1.365269992003616e-06,0.0,-0.00039852678229594673,0.04031052172112675,0.9896505630633715
2024-09-10,-0.0004506807570443485,3.945163938844724e-06,1.3289554704757307e-06,0.0,-0.000455954876453669,0.03926368957476544,0.9891993270631576
2024-09-11,-0.0003133176031088281,4.556334782071052e-06,1.2308517663080012e-06,0.0,-0.00031910478965720715,0.03663358028220229,0.988883668819966
2024-09-12,-0.00018504597899585682,1.312499845949112e-06,1.1231157286852642e-06,0.0,-0.0001874815945704912,0.033596023760821596,0.9886982713328909
2024-09-13,-0.00021996002536676533,8.179945020145732e-07,1.0810305943919883e-06,0.0,-0.0002218590504631719,0.03277329725849482,0.9884789196732184
2024-09-16,-0.00022506098702846028,9.13488046252403e-07,1.0677674145574833e-06,0.0,-0.00022704224248927017,0.03222796759048511,0.9882544932026425
2024-09-17,-0.00016101636072787914,6.147172255316288e-06,1.049835886532271e-06,0.0,-0.00016821336886972771,0.03161897555965017,0.9880882555850402
2024-09-18,4.57588569466684e-05,6.180588275812055e-07,1.274687631785688e-06,0.0,4.386611048730151e-05,0.03433180780677353,0.9881315991736309
2024-09-19,0.00019646882924260253,1.2015422294510578e-06,1.2592576384634693e-06,0.0,0.000194008029374688,0.03391976858838605,0.9883233046379495
2024-09-20,0.0001416253686227496,1.0943887952373841e-06,1.2927902519677538e-06,0.0,0.00013923818957554447,0.03472079674135343,0.9884609169856026
2024-09-23,1.5446372466422994e-06,5.098680631679275e-05,1.2678685071061296e-06,0.0,-5.071003757725658e-05,0.03399120421119516,0.9884107920953585
2024-09-24,0.0,0.0,0.0,0.0,0.0,0.0,0.9884107920953585
2024-09-25,0.0,0.0,0.0,0.0,0.0,0.0,0.9884107920953585
2024-09-26,0.0,0.0,0.0,0.0,0.0,0.0,0.9884107920953585
2024-09-27,0.0,0.0,0.0,0.0,0.0,0.0,0.9884107920953585
2024-09-30,0.0,0.0,0.0,0.0,0.0,0.0,0.9884107920953585
2024-10-01,0.0,0.0,0.0,0.0,0.0,0.0,0.9884107920953585
2024-10-02,0.0,0.0,0.0,0.0,0.0,0.0,0.9884107920953585
2024-10-03,0.0,0.0,0.0,0.0,0.0,0.0,0.9884107920953585
2024-10-04,0.0,0.0,0.0,0.0,0.0,0.0,0.9884107920953585
2024-10-07,0.0,4.9128528651610045e-05,0.0,0.0,-4.9128528651610045e-05,0.0,0.9883622329274395
2024-10-08,-0.00033111123177323595,1.012348137572835e-05,5.235163235169976e-07,0.0,-0.0003417582294724813,0.0327523524344067,0.9880244520006368
2024-10-09,-0.00020280988666191737,2.677252059227989e-06,0.0,0.0,-0.00020548713872114535,0.026003364850587796,0.9878214256830087
2024-10-10,-0.00020254598848736617,6.942619192306051e-07,0.0,0.0,-0.00020324025040659678,0.024218530144435802,0.9876206606090958
2024-10-11,-6.135042318787073e-06,3.5633533297423104e-05,0.0,0.0,-4.176857561621018e-05,0.023755688864948735,0.9875794091008531
2024-10-14,0.0,0.0,0.0,0.0,0.0,0.0,0.9875794091008531
2024-10-15,0.0,0.0,0.0,0.0,0.0,0.0,0.9875794091008531
2024-10-16,0.0,0.0,0.0,0.0,0.0,0.0,0.9875794091008531
2024-10-17,0.0,0.0,0.0,0.0,0.0,0.0,0.9875794091008531
2024-10-18,0.0,0.0,0.0,0.0,0.0,0.0,0.9875794091008531
2024-10-21,0.0,0.0,0.0,0.0,0.0,0.0,0.9875794091008531
2024-10-22,0.0,0.0,0.0,0.0,0.0,0.0,0.9875794091008531
2024-10-23,0.0,0.0,0.0,0.0,0.0,0.0,0.9875794091008531
2024-10-24,0.0,0.0,0.0,0.0,0.0,0.0,0.9875794091008531
2024-10-25,0.0,0.0,0.0,0.0,0.0,0.0,0.9875794091008531
2024-10-28,0.0,0.0,0.0,0.0,0.0,0.0,0.9875794091008531
2024-10-29,0.0,0.0,0.0,0.0,0.0,0.0,0.9875794091008531
2024-10-30,0.0,0.0,0.0,0.0,0.0,0.0,0.9875794091008531
2024-10-31,0.0,0.0,0.0,0.0,0.0,0.0,0.9875794091008531
2024-11-01,0.0,0.0,0.0,0.0,0.0,0.0,0.9875794091008531
2024-11-04,0.0,0.0,0.0,0.0,0.0,0.0,0.9875794091008531
2024-11-05,0.0,0.0,0.0,0.0,0.0,0.0,0.9875794091008531
2024-11-06,0.0,0.0,0.0,0.0,0.0,0.0,0.9875794091008531
2024-11-07,0.0,0.0,0.0,0.0,0.0,0.0,0.9875794091008531
2024-11-08,0.0,0.0,0.0,0.0,0.0,0.0,0.9875794091008531
2024-11-11,0.0,0.0,0.0,0.0,0.0,0.0,0.9875794091008531
2024-11-12,0.0,0.0,0.0,0.0,0.0,0.0,0.9875794091008531
2024-11-13,0.0,0.0,0.0,0.0,0.0,0.0,0.9875794091008531
2024-11-14,0.0,0.0,0.0,0.0,0.0,0.0,0.9875794091008531
2024-11-15,0.0,0.0,0.0,0.0,0.0,0.0,0.9875794091008531
2024-11-18,0.0,0.0,0.0,0.0,0.0,0.0,0.9875794091008531
2024-11-19,0.0,0.0,0.0,0.0,0.0,0.0,0.9875794091008531
2024-11-20,0.0,0.0,0.0,0.0,0.0,0.0,0.9875794091008531
2024-11-21,0.0,0.0,0.0,0.0,0.0,0.0,0.9875794091008531
2024-11-22,0.0,0.0,0.0,0.0,0.0,0.0,0.9875794091008531
2024-11-25,0.0,0.0,0.0,0.0,0.0,0.0,0.9875794091008531
2024-11-26,0.0,0.0,0.0,0.0,0.0,0.0,0.9875794091008531
2024-11-27,0.0,0.0,0.0,0.0,0.0,0.0,0.9875794091008531
2024-11-28,0.0,0.0,0.0,0.0,0.0,0.0,0.9875794091008531
2024-11-29,0.0,0.0,0.0,0.0,0.0,0.0,0.9875794091008531
2024-12-02,0.0,0.0,0.0,0.0,0.0,0.0,0.9875794091008531
2024-12-03,0.0,0.0,0.0,0.0,0.0,0.0,0.9875794091008531
2024-12-04,0.0,0.0,0.0,0.0,0.0,0.0,0.9875794091008531
2024-12-05,0.0,0.0,0.0,0.0,0.0,0.0,0.9875794091008531
2024-12-06,0.0,0.0,0.0,0.0,0.0,0.0,0.9875794091008531
2024-12-09,0.0,0.0,0.0,0.0,0.0,0.0,0.9875794091008531
2024-12-10,0.0,0.0,0.0,0.0,0.0,0.0,0.9875794091008531
2024-12-11,0.0,0.0,0.0,0.0,0.0,0.0,0.9875794091008531
2024-12-12,0.0,0.0,0.0,0.0,0.0,0.0,0.9875794091008531
2024-12-13,0.0,0.0,0.0,0.0,0.0,0.0,0.9875794091008531
2024-12-16,0.0,0.0,0.0,0.0,0.0,0.0,0.9875794091008531
2024-12-17,0.0,0.0,0.0,0.0,0.0,0.0,0.9875794091008531
2024-12-18,0.0,0.0,0.0,0.0,0.0,0.0,0.9875794091008531
2024-12-19,0.0,0.0,0.0,0.0,0.0,0.0,0.9875794091008531
2024-12-20,0.0,0.0,0.0,0.0,0.0,0.0,0.9875794091008531
2024-12-23,0.0,0.0,0.0,0.0,0.0,0.0,0.9875794091008531
2024-12-24,0.0,0.0,0.0,0.0,0.0,0.0,0.9875794091008531
2024-12-25,0.0,0.0,0.0,0.0,0.0,0.0,0.9875794091008531
2024-12-26,0.0,0.0,0.0,0.0,0.0,0.0,0.9875794091008531
2024-12-27,0.0,0.0,0.0,0.0,0.0,0.0,0.9875794091008531
2024-12-30,0.0,0.0,0.0,0.0,0.0,0.0,0.9875794091008531
2024-12-31,0.0,0.0,0.0,0.0,0.0,0.0,0.9875794091008531
